22 15:51:46;0;2.42;[[0, 1000], [0, 300], [0, 200], [0, 200]]
22 15:51:54;1;2.42;[[0, 1000], [0, 300], [0, 200], [0, 200]]
22 15:52:01;2;2.42;[[0, 1000], [0, 300], [0, 200], [0, 200]]
22 15:52:07;3;2.42;[[0, 1000], [0, 300], [0, 200], [0, 200]]
22 15:52:14;4;2.42;[[0, 1000], [0, 300], [0, 200], [0, 200]]
22 15:52:22;5;2.42;[[0, 1000], [0, 300], [0, 200], [0, 200]]
22 15:52:32;6;2.42;[[0, 1000], [0, 300], [0, 200], [0, 200]]
22 15:52:41;7;2.42;[[0, 1000], [0, 300], [0, 200], [0, 200]]
22 15:52:50;8;2.42;[[0, 1000], [0, 300], [0, 200], [0, 200]]
22 15:52:59;9;2.42;[[0, 1000], [0, 300], [0, 200], [0, 200]]
22 15:53:08;10;2.42;[[0, 1000], [0, 300], [0, 200], [0, 200]]
22 15:53:18;11;2.42;[[0, 1000], [0, 300], [0, 200], [0, 200]]
22 15:53:28;12;2.42;[[0, 1000], [0, 300], [0, 200], [0, 200]]
22 15:53:37;13;2.42;[[0, 1000], [0, 300], [0, 200], [0, 200]]
22 15:53:47;14;2.42;[[0, 1000], [0, 300], [0, 200], [0, 200]]
22 15:53:56;15;2.42;[[0, 1000], [0, 300], [0, 200], [0, 200]]
22 15:54:05;16;2.42;[[0, 1000], [0, 300], [0, 200], [0, 200]]
22 15:54:14;17;2.42;[[0, 1000], [0, 300], [0, 200], [0, 200]]
22 15:54:24;18;2.42;[[0, 1000], [0, 300], [0, 200], [0, 200]]
22 15:54:33;19;2.42;[[0, 1000], [0, 300], [0, 200], [0, 200]]
22 15:54:42;20;2.42;[[0, 1000], [0, 300], [0, 200], [0, 200]]
22 15:54:52;21;2.42;[[0, 1000], [0, 300], [0, 200], [0, 200]]
22 15:55:01;22;2.42;[[0, 1000], [0, 300], [0, 200], [0, 200]]
22 15:55:11;23;2.42;[[0, 1000], [0, 300], [0, 200], [0, 200]]
22 15:55:20;24;2.42;[[0, 1000], [0, 300], [0, 200], [0, 200]]
22 15:55:29;25;2.42;[[0, 1000], [0, 300], [0, 200], [0, 200]]
22 15:55:39;26;2.41;[[0, 1000], [0, 300], [0, 200], [0, 200]]
22 15:55:48;27;2.41;[[0, 1000], [0, 300], [0, 200], [0, 200]]
22 15:55:57;28;2.41;[[0, 1000], [0, 300], [0, 200], [0, 200]]
22 15:56:06;29;2.41;[[0, 1000], [0, 300], [0, 200], [0, 200]]
22 15:56:16;30;2.41;[[0, 1000], [0, 300], [0, 200], [0, 200]]
22 15:56:25;31;2.41;[[0, 1000], [0, 300], [0, 200], [0, 200]]
22 15:56:34;32;2.41;[[0, 1000], [0, 300], [0, 200], [0, 200]]
22 15:56:44;33;2.41;[[0, 1000], [0, 300], [0, 200], [0, 200]]
22 15:56:53;34;2.41;[[0, 1000], [0, 300], [0, 200], [0, 200]]
22 15:57:02;35;2.41;[[0, 1000], [0, 300], [0, 200], [0, 200]]
22 15:57:12;36;2.41;[[0, 1000], [0, 300], [0, 200], [0, 200]]
22 15:57:21;37;2.41;[[0, 1000], [0, 300], [0, 200], [0, 200]]
22 15:57:30;38;2.41;[[0, 1000], [0, 300], [0, 200], [0, 200]]
22 15:57:39;39;2.41;[[0, 1000], [0, 300], [0, 200], [0, 200]]
22 15:57:49;40;2.41;[[0, 1000], [0, 300], [0, 200], [0, 200]]
22 15:57:58;41;2.41;[[0, 1000], [0, 300], [0, 200], [0, 200]]
22 15:58:07;42;2.41;[[0, 1000], [0, 300], [0, 200], [0, 200]]
22 15:58:17;43;2.41;[[0, 1000], [0, 300], [0, 200], [0, 200]]
22 15:58:27;44;2.41;[[0, 1000], [0, 300], [0, 200], [0, 200]]
22 15:58:37;45;2.41;[[0, 1000], [0, 300], [0, 200], [0, 200]]
22 15:58:47;46;2.41;[[0, 1000], [0, 300], [0, 200], [0, 200]]
22 15:58:56;47;2.41;[[0, 1000], [0, 300], [0, 200], [0, 200]]
22 15:59:06;48;2.41;[[0, 1000], [0, 300], [0, 200], [0, 200]]
22 15:59:16;49;2.41;[[0, 1000], [0, 300], [0, 200], [0, 200]]
22 15:59:26;50;2.41;[[0, 1000], [0, 300], [0, 200], [0, 200]]
22 15:59:36;51;2.41;[[0, 1000], [0, 300], [0, 200], [0, 200]]
22 15:59:46;52;2.41;[[0, 1000], [0, 300], [0, 200], [0, 200]]
22 15:59:56;53;2.41;[[0, 1000], [0, 300], [0, 200], [0, 200]]
22 16:00:05;54;2.41;[[0, 1000], [0, 300], [0, 200], [0, 200]]
22 16:00:15;55;2.41;[[0, 1000], [0, 300], [0, 200], [0, 200]]
22 16:00:25;56;2.41;[[0, 1000], [0, 300], [0, 200], [0, 200]]
22 16:00:35;57;2.41;[[0, 1000], [0, 300], [0, 200], [0, 200]]
22 16:00:45;58;2.41;[[0, 1000], [0, 300], [0, 200], [0, 200]]
22 16:00:55;59;2.41;[[0, 1000], [0, 300], [0, 200], [0, 200]]
22 16:01:05;3;2.41;[[-10.0, 1010.0], [-3.0, 303.0], [-1.99, 201.21], [74.37, 88.77]]
22 16:01:26;61;2.41;[[-10.0, 1010.0], [-3.0, 303.0], [-1.99, 201.21], [74.37, 88.77]]
22 16:01:38;62;2.41;[[-10.0, 1010.0], [-3.0, 303.0], [-1.99, 201.21], [74.37, 88.77]]
22 16:01:58;63;2.41;[[-10.0, 1010.0], [-3.0, 303.0], [-1.99, 201.21], [74.37, 88.77]]
22 16:02:10;64;2.41;[[-10.0, 1010.0], [-3.0, 303.0], [-1.99, 201.21], [74.37, 88.77]]
22 16:02:22;65;2.41;[[-10.0, 1010.0], [-3.0, 303.0], [-1.99, 201.21], [74.37, 88.77]]
22 16:02:42;66;2.41;[[-10.0, 1010.0], [-3.0, 303.0], [-1.99, 201.21], [74.37, 88.77]]
22 16:02:54;67;2.41;[[-10.0, 1010.0], [-3.0, 303.0], [-1.99, 201.21], [74.37, 88.77]]
22 16:03:06;68;2.41;[[-10.0, 1010.0], [-3.0, 303.0], [-1.99, 201.21], [74.37, 88.77]]
22 16:03:26;69;2.41;[[-10.0, 1010.0], [-3.0, 303.0], [-1.99, 201.21], [74.37, 88.77]]
22 16:03:38;70;2.41;[[-10.0, 1010.0], [-3.0, 303.0], [-1.99, 201.21], [74.37, 88.77]]
22 16:03:50;71;2.41;[[-10.0, 1010.0], [-3.0, 303.0], [-1.99, 201.21], [74.37, 88.77]]
22 16:04:01;72;2.41;[[-10.0, 1010.0], [-3.0, 303.0], [-1.99, 201.21], [74.37, 88.77]]
22 16:04:12;73;2.41;[[-10.0, 1010.0], [-3.0, 303.0], [-1.99, 201.21], [74.37, 88.77]]
22 16:04:23;74;2.41;[[-10.0, 1010.0], [-3.0, 303.0], [-1.99, 201.21], [74.37, 88.77]]
22 16:04:34;75;2.41;[[-10.0, 1010.0], [-3.0, 303.0], [-1.99, 201.21], [74.37, 88.77]]
22 16:04:45;76;2.41;[[-10.0, 1010.0], [-3.0, 303.0], [-1.99, 201.21], [74.37, 88.77]]
22 16:04:56;77;2.41;[[-10.0, 1010.0], [-3.0, 303.0], [-1.99, 201.21], [74.37, 88.77]]
22 16:05:07;78;2.41;[[-10.0, 1010.0], [-3.0, 303.0], [-1.99, 201.21], [74.37, 88.77]]
22 16:05:18;79;2.41;[[-10.0, 1010.0], [-3.0, 303.0], [-1.99, 201.21], [74.37, 88.77]]
22 16:05:29;80;2.41;[[-10.0, 1010.0], [-3.0, 303.0], [-1.99, 201.21], [74.37, 88.77]]
22 16:05:40;81;2.41;[[-10.0, 1010.0], [-3.0, 303.0], [-1.99, 201.21], [74.37, 88.77]]
22 16:05:51;82;2.41;[[-10.0, 1010.0], [-3.0, 303.0], [-1.99, 201.21], [74.37, 88.77]]
22 16:06:02;83;2.41;[[-10.0, 1010.0], [-3.0, 303.0], [-1.99, 201.21], [74.37, 88.77]]
22 16:06:21;84;2.41;[[-10.0, 1010.0], [-3.0, 303.0], [-1.99, 201.21], [74.37, 88.77]]
22 16:06:32;85;2.41;[[-10.0, 1010.0], [-3.0, 303.0], [-1.99, 201.21], [74.37, 88.77]]
22 16:06:43;86;2.41;[[-10.0, 1010.0], [-3.0, 303.0], [-1.99, 201.21], [74.37, 88.77]]
22 16:07:03;87;2.41;[[-10.0, 1010.0], [-3.0, 303.0], [-1.99, 201.21], [74.37, 88.77]]
22 16:07:14;88;2.41;[[-10.0, 1010.0], [-3.0, 303.0], [-1.99, 201.21], [74.37, 88.77]]
22 16:07:25;89;2.41;[[-10.0, 1010.0], [-3.0, 303.0], [-1.99, 201.21], [74.37, 88.77]]
22 16:07:36;90;2.41;[[-10.0, 1010.0], [-3.0, 303.0], [-1.99, 201.21], [74.37, 88.77]]
22 16:07:47;91;2.41;[[-10.0, 1010.0], [-3.0, 303.0], [-1.99, 201.21], [74.37, 88.77]]
22 16:08:06;92;2.41;[[-10.0, 1010.0], [-3.0, 303.0], [-1.99, 201.21], [74.37, 88.77]]
22 16:08:17;93;2.41;[[-10.0, 1010.0], [-3.0, 303.0], [-1.99, 201.21], [74.37, 88.77]]
22 16:08:28;94;2.41;[[-10.0, 1010.0], [-3.0, 303.0], [-1.99, 201.21], [74.37, 88.77]]
22 16:08:47;95;2.41;[[-10.0, 1010.0], [-3.0, 303.0], [-1.99, 201.21], [74.37, 88.77]]
22 16:08:58;96;2.41;[[-10.0, 1010.0], [-3.0, 303.0], [-1.99, 201.21], [74.37, 88.77]]
22 16:09:09;97;2.41;[[-10.0, 1010.0], [-3.0, 303.0], [-1.99, 201.21], [74.37, 88.77]]
22 16:09:20;98;2.41;[[-10.0, 1010.0], [-3.0, 303.0], [-1.99, 201.21], [74.37, 88.77]]
22 16:09:32;99;2.41;[[-10.0, 1010.0], [-3.0, 303.0], [-1.99, 201.21], [74.37, 88.77]]
22 16:09:43;100;2.41;[[-10.0, 1010.0], [-3.0, 303.0], [-1.99, 201.21], [74.37, 88.77]]
22 16:09:55;101;2.41;[[-10.0, 1010.0], [-3.0, 303.0], [-1.99, 201.21], [74.37, 88.77]]
22 16:10:06;102;2.41;[[-10.0, 1010.0], [-3.0, 303.0], [-1.99, 201.21], [74.37, 88.77]]
22 16:10:17;103;2.41;[[-10.0, 1010.0], [-3.0, 303.0], [-1.99, 201.21], [74.37, 88.77]]
22 16:10:29;104;2.41;[[-10.0, 1010.0], [-3.0, 303.0], [-1.99, 201.21], [74.37, 88.77]]
22 16:10:48;105;2.41;[[-10.0, 1010.0], [-3.0, 303.0], [-1.99, 201.21], [74.37, 88.77]]
22 16:10:59;106;2.41;[[-10.0, 1010.0], [-3.0, 303.0], [-1.99, 201.21], [74.37, 88.77]]
22 16:11:10;107;2.41;[[-10.0, 1010.0], [-3.0, 303.0], [-1.99, 201.21], [74.37, 88.77]]
22 16:11:21;108;2.41;[[-10.0, 1010.0], [-3.0, 303.0], [-1.99, 201.21], [74.37, 88.77]]
22 16:11:32;109;2.41;[[-10.0, 1010.0], [-3.0, 303.0], [-1.99, 201.21], [74.37, 88.77]]
22 16:11:43;110;2.41;[[-10.0, 1010.0], [-3.0, 303.0], [-1.99, 201.21], [74.37, 88.77]]
22 16:11:54;111;2.41;[[-10.0, 1010.0], [-3.0, 303.0], [-1.99, 201.21], [74.37, 88.77]]
22 16:12:05;112;2.41;[[-10.0, 1010.0], [-3.0, 303.0], [-1.99, 201.21], [74.37, 88.77]]
22 16:12:16;113;2.41;[[-10.0, 1010.0], [-3.0, 303.0], [-1.99, 201.21], [74.37, 88.77]]
22 16:12:36;114;2.41;[[-10.0, 1010.0], [-3.0, 303.0], [-1.99, 201.21], [74.37, 88.77]]
22 16:12:47;115;2.41;[[-10.0, 1010.0], [-3.0, 303.0], [-1.99, 201.21], [74.37, 88.77]]
22 16:12:58;116;2.41;[[-10.0, 1010.0], [-3.0, 303.0], [-1.99, 201.21], [74.37, 88.77]]
22 16:13:18;117;2.41;[[-10.0, 1010.0], [-3.0, 303.0], [-1.99, 201.21], [74.37, 88.77]]
22 16:13:29;118;2.41;[[-10.0, 1010.0], [-3.0, 303.0], [-1.99, 201.21], [74.37, 88.77]]
22 16:13:41;119;2.41;[[-10.0, 1010.0], [-3.0, 303.0], [-1.99, 201.21], [74.37, 88.77]]
22 16:13:53;3;2.41;[[456.52, 1015.48], [-2.28, 291.48], [6.45, 201.53], [78.35, 96.15]]
22 16:14:12;121;2.41;[[456.52, 1015.48], [-2.28, 291.48], [6.45, 201.53], [78.35, 96.15]]
22 16:14:24;122;2.41;[[456.52, 1015.48], [-2.28, 291.48], [6.45, 201.53], [78.35, 96.15]]
22 16:14:38;0;2.42;[[0, 1000], [0, 300], [0, 200], [0, 200]]
22 16:14:38;1;2.42;[[0, 1000], [0, 300], [0, 200], [0, 200]]
22 16:14:38;2;2.42;[[0, 1000], [0, 300], [0, 200], [0, 200]]
22 16:14:38;3;2.42;[[0, 1000], [0, 300], [0, 200], [0, 200]]
22 16:14:38;4;2.42;[[0, 1000], [0, 300], [0, 200], [0, 200]]
22 16:14:38;5;2.42;[[0, 1000], [0, 300], [0, 200], [0, 200]]
22 16:14:38;6;2.42;[[0, 1000], [0, 300], [0, 200], [0, 200]]
22 16:14:38;7;2.42;[[0, 1000], [0, 300], [0, 200], [0, 200]]
22 16:14:38;8;2.42;[[0, 1000], [0, 300], [0, 200], [0, 200]]
22 16:14:38;9;2.42;[[0, 1000], [0, 300], [0, 200], [0, 200]]
22 16:14:38;10;2.42;[[0, 1000], [0, 300], [0, 200], [0, 200]]
22 16:14:38;11;2.42;[[0, 1000], [0, 300], [0, 200], [0, 200]]
22 16:14:38;12;2.42;[[0, 1000], [0, 300], [0, 200], [0, 200]]
22 16:14:38;13;2.42;[[0, 1000], [0, 300], [0, 200], [0, 200]]
22 16:14:38;14;2.42;[[0, 1000], [0, 300], [0, 200], [0, 200]]
22 16:14:38;15;2.42;[[0, 1000], [0, 300], [0, 200], [0, 200]]
22 16:14:38;16;2.42;[[0, 1000], [0, 300], [0, 200], [0, 200]]
22 16:14:38;17;2.42;[[0, 1000], [0, 300], [0, 200], [0, 200]]
22 16:14:38;18;2.42;[[0, 1000], [0, 300], [0, 200], [0, 200]]
22 16:14:38;19;2.42;[[0, 1000], [0, 300], [0, 200], [0, 200]]
22 16:14:38;20;2.42;[[0, 1000], [0, 300], [0, 200], [0, 200]]
22 16:14:38;21;2.42;[[0, 1000], [0, 300], [0, 200], [0, 200]]
22 16:14:38;22;2.42;[[0, 1000], [0, 300], [0, 200], [0, 200]]
22 16:14:38;23;2.42;[[0, 1000], [0, 300], [0, 200], [0, 200]]
22 16:14:39;24;2.42;[[0, 1000], [0, 300], [0, 200], [0, 200]]
22 16:14:39;25;2.42;[[0, 1000], [0, 300], [0, 200], [0, 200]]
22 16:14:39;26;2.42;[[0, 1000], [0, 300], [0, 200], [0, 200]]
22 16:14:39;27;2.42;[[0, 1000], [0, 300], [0, 200], [0, 200]]
22 16:14:39;28;2.42;[[0, 1000], [0, 300], [0, 200], [0, 200]]
22 16:14:39;29;2.42;[[0, 1000], [0, 300], [0, 200], [0, 200]]
22 16:14:39;30;2.42;[[0, 1000], [0, 300], [0, 200], [0, 200]]
22 16:14:39;31;2.42;[[0, 1000], [0, 300], [0, 200], [0, 200]]
22 16:14:39;32;2.42;[[0, 1000], [0, 300], [0, 200], [0, 200]]
22 16:14:39;33;2.42;[[0, 1000], [0, 300], [0, 200], [0, 200]]
22 16:14:39;34;2.42;[[0, 1000], [0, 300], [0, 200], [0, 200]]
22 16:14:39;35;2.42;[[0, 1000], [0, 300], [0, 200], [0, 200]]
22 16:14:39;36;2.42;[[0, 1000], [0, 300], [0, 200], [0, 200]]
22 16:14:39;37;2.42;[[0, 1000], [0, 300], [0, 200], [0, 200]]
22 16:14:39;38;2.42;[[0, 1000], [0, 300], [0, 200], [0, 200]]
22 16:14:39;39;2.42;[[0, 1000], [0, 300], [0, 200], [0, 200]]
22 16:14:39;40;2.42;[[0, 1000], [0, 300], [0, 200], [0, 200]]
22 16:14:39;41;2.42;[[0, 1000], [0, 300], [0, 200], [0, 200]]
22 16:14:39;42;2.42;[[0, 1000], [0, 300], [0, 200], [0, 200]]
22 16:14:39;43;2.42;[[0, 1000], [0, 300], [0, 200], [0, 200]]
22 16:14:39;44;2.42;[[0, 1000], [0, 300], [0, 200], [0, 200]]
22 16:14:39;45;2.42;[[0, 1000], [0, 300], [0, 200], [0, 200]]
22 16:14:39;46;2.42;[[0, 1000], [0, 300], [0, 200], [0, 200]]
22 16:14:39;47;2.42;[[0, 1000], [0, 300], [0, 200], [0, 200]]
22 16:14:39;48;2.42;[[0, 1000], [0, 300], [0, 200], [0, 200]]
22 16:14:39;49;2.42;[[0, 1000], [0, 300], [0, 200], [0, 200]]
22 16:14:39;50;2.42;[[0, 1000], [0, 300], [0, 200], [0, 200]]
22 16:14:39;51;2.42;[[0, 1000], [0, 300], [0, 200], [0, 200]]
22 16:14:39;52;2.42;[[0, 1000], [0, 300], [0, 200], [0, 200]]
22 16:14:39;53;2.42;[[0, 1000], [0, 300], [0, 200], [0, 200]]
22 16:14:39;54;2.42;[[0, 1000], [0, 300], [0, 200], [0, 200]]
22 16:14:39;55;2.42;[[0, 1000], [0, 300], [0, 200], [0, 200]]
22 16:14:39;56;2.42;[[0, 1000], [0, 300], [0, 200], [0, 200]]
22 16:14:39;57;2.42;[[0, 1000], [0, 300], [0, 200], [0, 200]]
22 16:14:39;58;2.42;[[0, 1000], [0, 300], [0, 200], [0, 200]]
22 16:14:39;59;2.42;[[0, 1000], [0, 300], [0, 200], [0, 200]]
22 16:14:39;3;2.42;[[-4.9, 895.1], [-1.55, 276.85], [6.74, 199.54], [84.67, 87.87]]
22 16:14:39;61;2.41;[[-4.9, 895.1], [-1.55, 276.85], [6.74, 199.54], [84.67, 87.87]]
22 16:14:39;62;2.41;[[-4.9, 895.1], [-1.55, 276.85], [6.74, 199.54], [84.67, 87.87]]
22 16:14:39;63;2.41;[[-4.9, 895.1], [-1.55, 276.85], [6.74, 199.54], [84.67, 87.87]]
22 16:14:39;64;2.41;[[-4.9, 895.1], [-1.55, 276.85], [6.74, 199.54], [84.67, 87.87]]
22 16:14:40;65;2.41;[[-4.9, 895.1], [-1.55, 276.85], [6.74, 199.54], [84.67, 87.87]]
22 16:14:40;66;2.41;[[-4.9, 895.1], [-1.55, 276.85], [6.74, 199.54], [84.67, 87.87]]
22 16:14:40;67;2.41;[[-4.9, 895.1], [-1.55, 276.85], [6.74, 199.54], [84.67, 87.87]]
22 16:14:40;68;2.41;[[-4.9, 895.1], [-1.55, 276.85], [6.74, 199.54], [84.67, 87.87]]
22 16:14:40;69;2.41;[[-4.9, 895.1], [-1.55, 276.85], [6.74, 199.54], [84.67, 87.87]]
22 16:14:40;70;2.41;[[-4.9, 895.1], [-1.55, 276.85], [6.74, 199.54], [84.67, 87.87]]
22 16:14:40;71;2.41;[[-4.9, 895.1], [-1.55, 276.85], [6.74, 199.54], [84.67, 87.87]]
22 16:14:40;72;2.41;[[-4.9, 895.1], [-1.55, 276.85], [6.74, 199.54], [84.67, 87.87]]
22 16:14:40;73;2.41;[[-4.9, 895.1], [-1.55, 276.85], [6.74, 199.54], [84.67, 87.87]]
22 16:14:40;74;2.41;[[-4.9, 895.1], [-1.55, 276.85], [6.74, 199.54], [84.67, 87.87]]
22 16:14:40;75;2.41;[[-4.9, 895.1], [-1.55, 276.85], [6.74, 199.54], [84.67, 87.87]]
22 16:14:40;76;2.41;[[-4.9, 895.1], [-1.55, 276.85], [6.74, 199.54], [84.67, 87.87]]
22 16:14:40;77;2.41;[[-4.9, 895.1], [-1.55, 276.85], [6.74, 199.54], [84.67, 87.87]]
22 16:14:40;78;2.41;[[-4.9, 895.1], [-1.55, 276.85], [6.74, 199.54], [84.67, 87.87]]
22 16:14:40;79;2.41;[[-4.9, 895.1], [-1.55, 276.85], [6.74, 199.54], [84.67, 87.87]]
22 16:14:40;80;2.41;[[-4.9, 895.1], [-1.55, 276.85], [6.74, 199.54], [84.67, 87.87]]
22 16:14:40;81;2.41;[[-4.9, 895.1], [-1.55, 276.85], [6.74, 199.54], [84.67, 87.87]]
22 16:14:40;82;2.41;[[-4.9, 895.1], [-1.55, 276.85], [6.74, 199.54], [84.67, 87.87]]
22 16:14:40;83;2.41;[[-4.9, 895.1], [-1.55, 276.85], [6.74, 199.54], [84.67, 87.87]]
22 16:14:40;84;2.41;[[-4.9, 895.1], [-1.55, 276.85], [6.74, 199.54], [84.67, 87.87]]
22 16:14:40;85;2.41;[[-4.9, 895.1], [-1.55, 276.85], [6.74, 199.54], [84.67, 87.87]]
22 16:14:40;86;2.41;[[-4.9, 895.1], [-1.55, 276.85], [6.74, 199.54], [84.67, 87.87]]
22 16:14:40;87;2.41;[[-4.9, 895.1], [-1.55, 276.85], [6.74, 199.54], [84.67, 87.87]]
22 16:14:40;88;2.41;[[-4.9, 895.1], [-1.55, 276.85], [6.74, 199.54], [84.67, 87.87]]
22 16:14:40;89;2.41;[[-4.9, 895.1], [-1.55, 276.85], [6.74, 199.54], [84.67, 87.87]]
22 16:14:40;90;2.41;[[-4.9, 895.1], [-1.55, 276.85], [6.74, 199.54], [84.67, 87.87]]
22 16:14:40;91;2.41;[[-4.9, 895.1], [-1.55, 276.85], [6.74, 199.54], [84.67, 87.87]]
22 16:14:40;92;2.41;[[-4.9, 895.1], [-1.55, 276.85], [6.74, 199.54], [84.67, 87.87]]
22 16:14:40;93;2.41;[[-4.9, 895.1], [-1.55, 276.85], [6.74, 199.54], [84.67, 87.87]]
22 16:14:40;94;2.41;[[-4.9, 895.1], [-1.55, 276.85], [6.74, 199.54], [84.67, 87.87]]
22 16:14:40;95;2.41;[[-4.9, 895.1], [-1.55, 276.85], [6.74, 199.54], [84.67, 87.87]]
22 16:14:40;96;2.41;[[-4.9, 895.1], [-1.55, 276.85], [6.74, 199.54], [84.67, 87.87]]
22 16:14:40;97;2.41;[[-4.9, 895.1], [-1.55, 276.85], [6.74, 199.54], [84.67, 87.87]]
22 16:14:40;98;2.41;[[-4.9, 895.1], [-1.55, 276.85], [6.74, 199.54], [84.67, 87.87]]
22 16:14:40;99;2.41;[[-4.9, 895.1], [-1.55, 276.85], [6.74, 199.54], [84.67, 87.87]]
22 16:14:40;100;2.41;[[-4.9, 895.1], [-1.55, 276.85], [6.74, 199.54], [84.67, 87.87]]
22 16:14:40;101;2.41;[[-4.9, 895.1], [-1.55, 276.85], [6.74, 199.54], [84.67, 87.87]]
22 16:14:40;102;2.41;[[-4.9, 895.1], [-1.55, 276.85], [6.74, 199.54], [84.67, 87.87]]
22 16:14:40;103;2.41;[[-4.9, 895.1], [-1.55, 276.85], [6.74, 199.54], [84.67, 87.87]]
22 16:14:41;104;2.41;[[-4.9, 895.1], [-1.55, 276.85], [6.74, 199.54], [84.67, 87.87]]
22 16:14:41;105;2.41;[[-4.9, 895.1], [-1.55, 276.85], [6.74, 199.54], [84.67, 87.87]]
22 16:14:41;106;2.41;[[-4.9, 895.1], [-1.55, 276.85], [6.74, 199.54], [84.67, 87.87]]
22 16:14:41;107;2.41;[[-4.9, 895.1], [-1.55, 276.85], [6.74, 199.54], [84.67, 87.87]]
22 16:14:41;108;2.41;[[-4.9, 895.1], [-1.55, 276.85], [6.74, 199.54], [84.67, 87.87]]
22 16:14:41;109;2.41;[[-4.9, 895.1], [-1.55, 276.85], [6.74, 199.54], [84.67, 87.87]]
22 16:14:41;110;2.41;[[-4.9, 895.1], [-1.55, 276.85], [6.74, 199.54], [84.67, 87.87]]
22 16:14:41;111;2.41;[[-4.9, 895.1], [-1.55, 276.85], [6.74, 199.54], [84.67, 87.87]]
22 16:14:41;112;2.41;[[-4.9, 895.1], [-1.55, 276.85], [6.74, 199.54], [84.67, 87.87]]
22 16:14:41;113;2.41;[[-4.9, 895.1], [-1.55, 276.85], [6.74, 199.54], [84.67, 87.87]]
22 16:14:41;114;2.41;[[-4.9, 895.1], [-1.55, 276.85], [6.74, 199.54], [84.67, 87.87]]
22 16:14:41;115;2.41;[[-4.9, 895.1], [-1.55, 276.85], [6.74, 199.54], [84.67, 87.87]]
22 16:14:41;116;2.41;[[-4.9, 895.1], [-1.55, 276.85], [6.74, 199.54], [84.67, 87.87]]
22 16:14:41;117;2.41;[[-4.9, 895.1], [-1.55, 276.85], [6.74, 199.54], [84.67, 87.87]]
22 16:14:41;118;2.41;[[-4.9, 895.1], [-1.55, 276.85], [6.74, 199.54], [84.67, 87.87]]
22 16:14:41;119;2.41;[[-4.9, 895.1], [-1.55, 276.85], [6.74, 199.54], [84.67, 87.87]]
22 16:14:41;3;2.41;[[462.46, 577.44], [73.12, 251.3], [49.92, 195.67], [78.35, 96.15]]
22 16:14:41;121;2.41;[[462.46, 577.44], [73.12, 251.3], [49.92, 195.67], [78.35, 96.15]]
22 16:14:41;122;2.41;[[462.46, 577.44], [73.12, 251.3], [49.92, 195.67], [78.35, 96.15]]
22 16:14:41;123;2.41;[[462.46, 577.44], [73.12, 251.3], [49.92, 195.67], [78.35, 96.15]]
22 16:14:41;124;2.41;[[462.46, 577.44], [73.12, 251.3], [49.92, 195.67], [78.35, 96.15]]
22 16:14:41;125;2.41;[[462.46, 577.44], [73.12, 251.3], [49.92, 195.67], [78.35, 96.15]]
22 16:14:41;126;2.41;[[462.46, 577.44], [73.12, 251.3], [49.92, 195.67], [78.35, 96.15]]
22 16:14:41;127;2.41;[[462.46, 577.44], [73.12, 251.3], [49.92, 195.67], [78.35, 96.15]]
22 16:14:41;128;2.41;[[462.46, 577.44], [73.12, 251.3], [49.92, 195.67], [78.35, 96.15]]
22 16:14:41;129;2.41;[[462.46, 577.44], [73.12, 251.3], [49.92, 195.67], [78.35, 96.15]]
22 16:14:41;130;2.41;[[462.46, 577.44], [73.12, 251.3], [49.92, 195.67], [78.35, 96.15]]
22 16:14:41;131;2.41;[[462.46, 577.44], [73.12, 251.3], [49.92, 195.67], [78.35, 96.15]]
22 16:14:41;132;2.41;[[462.46, 577.44], [73.12, 251.3], [49.92, 195.67], [78.35, 96.15]]
22 16:14:41;133;2.41;[[462.46, 577.44], [73.12, 251.3], [49.92, 195.67], [78.35, 96.15]]
22 16:14:41;134;2.41;[[462.46, 577.44], [73.12, 251.3], [49.92, 195.67], [78.35, 96.15]]
22 16:14:41;135;2.41;[[462.46, 577.44], [73.12, 251.3], [49.92, 195.67], [78.35, 96.15]]
22 16:14:41;136;2.41;[[462.46, 577.44], [73.12, 251.3], [49.92, 195.67], [78.35, 96.15]]
22 16:14:41;137;2.41;[[462.46, 577.44], [73.12, 251.3], [49.92, 195.67], [78.35, 96.15]]
22 16:14:41;138;2.41;[[462.46, 577.44], [73.12, 251.3], [49.92, 195.67], [78.35, 96.15]]
22 16:14:41;139;2.41;[[462.46, 577.44], [73.12, 251.3], [49.92, 195.67], [78.35, 96.15]]
22 16:14:41;140;2.41;[[462.46, 577.44], [73.12, 251.3], [49.92, 195.67], [78.35, 96.15]]
22 16:14:41;141;2.41;[[462.46, 577.44], [73.12, 251.3], [49.92, 195.67], [78.35, 96.15]]
22 16:14:42;142;2.41;[[462.46, 577.44], [73.12, 251.3], [49.92, 195.67], [78.35, 96.15]]
22 16:14:42;143;2.41;[[462.46, 577.44], [73.12, 251.3], [49.92, 195.67], [78.35, 96.15]]
22 16:14:42;144;2.41;[[462.46, 577.44], [73.12, 251.3], [49.92, 195.67], [78.35, 96.15]]
22 16:14:42;145;2.41;[[462.46, 577.44], [73.12, 251.3], [49.92, 195.67], [78.35, 96.15]]
22 16:14:42;146;2.41;[[462.46, 577.44], [73.12, 251.3], [49.92, 195.67], [78.35, 96.15]]
22 16:14:42;147;2.41;[[462.46, 577.44], [73.12, 251.3], [49.92, 195.67], [78.35, 96.15]]
22 16:14:42;148;2.41;[[462.46, 577.44], [73.12, 251.3], [49.92, 195.67], [78.35, 96.15]]
22 16:14:42;149;2.41;[[462.46, 577.44], [73.12, 251.3], [49.92, 195.67], [78.35, 96.15]]
22 16:14:42;150;2.41;[[462.46, 577.44], [73.12, 251.3], [49.92, 195.67], [78.35, 96.15]]
22 16:14:42;151;2.41;[[462.46, 577.44], [73.12, 251.3], [49.92, 195.67], [78.35, 96.15]]
22 16:14:42;152;2.41;[[462.46, 577.44], [73.12, 251.3], [49.92, 195.67], [78.35, 96.15]]
22 16:14:42;153;2.41;[[462.46, 577.44], [73.12, 251.3], [49.92, 195.67], [78.35, 96.15]]
22 16:14:42;154;2.41;[[462.46, 577.44], [73.12, 251.3], [49.92, 195.67], [78.35, 96.15]]
22 16:14:42;155;2.41;[[462.46, 577.44], [73.12, 251.3], [49.92, 195.67], [78.35, 96.15]]
22 16:14:42;156;2.41;[[462.46, 577.44], [73.12, 251.3], [49.92, 195.67], [78.35, 96.15]]
22 16:14:42;157;2.41;[[462.46, 577.44], [73.12, 251.3], [49.92, 195.67], [78.35, 96.15]]
22 16:14:42;158;2.41;[[462.46, 577.44], [73.12, 251.3], [49.92, 195.67], [78.35, 96.15]]
22 16:15:22;0;2.42;[[0, 1000], [0, 300], [0, 200], [0, 200]]
22 16:15:22;1;2.42;[[0, 1000], [0, 300], [0, 200], [0, 200]]
22 16:15:22;2;2.42;[[0, 1000], [0, 300], [0, 200], [0, 200]]
22 16:15:22;3;2.42;[[0, 1000], [0, 300], [0, 200], [0, 200]]
22 16:15:22;4;2.42;[[0, 1000], [0, 300], [0, 200], [0, 200]]
22 16:15:22;5;2.42;[[0, 1000], [0, 300], [0, 200], [0, 200]]
22 16:15:22;6;2.42;[[0, 1000], [0, 300], [0, 200], [0, 200]]
22 16:15:22;7;2.42;[[0, 1000], [0, 300], [0, 200], [0, 200]]
22 16:15:22;8;2.42;[[0, 1000], [0, 300], [0, 200], [0, 200]]
22 16:15:22;9;2.42;[[0, 1000], [0, 300], [0, 200], [0, 200]]
22 16:15:22;10;2.42;[[0, 1000], [0, 300], [0, 200], [0, 200]]
22 16:15:22;11;2.42;[[0, 1000], [0, 300], [0, 200], [0, 200]]
22 16:15:22;12;2.42;[[0, 1000], [0, 300], [0, 200], [0, 200]]
22 16:15:22;13;2.42;[[0, 1000], [0, 300], [0, 200], [0, 200]]
22 16:15:22;14;2.42;[[0, 1000], [0, 300], [0, 200], [0, 200]]
22 16:15:22;15;2.42;[[0, 1000], [0, 300], [0, 200], [0, 200]]
22 16:15:22;16;2.42;[[0, 1000], [0, 300], [0, 200], [0, 200]]
22 16:15:22;17;2.42;[[0, 1000], [0, 300], [0, 200], [0, 200]]
22 16:15:22;18;2.42;[[0, 1000], [0, 300], [0, 200], [0, 200]]
22 16:15:22;19;2.42;[[0, 1000], [0, 300], [0, 200], [0, 200]]
22 16:15:22;20;2.42;[[0, 1000], [0, 300], [0, 200], [0, 200]]
22 16:15:22;21;2.42;[[0, 1000], [0, 300], [0, 200], [0, 200]]
22 16:15:22;22;2.42;[[0, 1000], [0, 300], [0, 200], [0, 200]]
22 16:15:22;23;2.42;[[0, 1000], [0, 300], [0, 200], [0, 200]]
22 16:15:22;24;2.42;[[0, 1000], [0, 300], [0, 200], [0, 200]]
22 16:15:22;25;2.42;[[0, 1000], [0, 300], [0, 200], [0, 200]]
22 16:15:22;26;2.42;[[0, 1000], [0, 300], [0, 200], [0, 200]]
22 16:15:22;27;2.42;[[0, 1000], [0, 300], [0, 200], [0, 200]]
22 16:15:22;28;2.42;[[0, 1000], [0, 300], [0, 200], [0, 200]]
22 16:15:22;29;2.42;[[0, 1000], [0, 300], [0, 200], [0, 200]]
22 16:15:22;30;2.42;[[0, 1000], [0, 300], [0, 200], [0, 200]]
22 16:15:22;31;2.42;[[0, 1000], [0, 300], [0, 200], [0, 200]]
22 16:15:23;32;2.42;[[0, 1000], [0, 300], [0, 200], [0, 200]]
22 16:15:23;33;2.42;[[0, 1000], [0, 300], [0, 200], [0, 200]]
22 16:15:23;34;2.42;[[0, 1000], [0, 300], [0, 200], [0, 200]]
22 16:15:23;35;2.42;[[0, 1000], [0, 300], [0, 200], [0, 200]]
22 16:15:23;36;2.42;[[0, 1000], [0, 300], [0, 200], [0, 200]]
22 16:15:23;37;2.42;[[0, 1000], [0, 300], [0, 200], [0, 200]]
22 16:15:23;38;2.42;[[0, 1000], [0, 300], [0, 200], [0, 200]]
22 16:15:23;39;2.42;[[0, 1000], [0, 300], [0, 200], [0, 200]]
22 16:15:23;40;2.42;[[0, 1000], [0, 300], [0, 200], [0, 200]]
22 16:15:23;41;2.42;[[0, 1000], [0, 300], [0, 200], [0, 200]]
22 16:15:23;42;2.42;[[0, 1000], [0, 300], [0, 200], [0, 200]]
22 16:15:23;43;2.42;[[0, 1000], [0, 300], [0, 200], [0, 200]]
22 16:15:23;44;2.42;[[0, 1000], [0, 300], [0, 200], [0, 200]]
22 16:15:23;45;2.42;[[0, 1000], [0, 300], [0, 200], [0, 200]]
22 16:15:23;46;2.42;[[0, 1000], [0, 300], [0, 200], [0, 200]]
22 16:15:23;47;2.42;[[0, 1000], [0, 300], [0, 200], [0, 200]]
22 16:15:23;48;2.42;[[0, 1000], [0, 300], [0, 200], [0, 200]]
22 16:15:23;49;2.42;[[0, 1000], [0, 300], [0, 200], [0, 200]]
22 16:15:23;50;2.42;[[0, 1000], [0, 300], [0, 200], [0, 200]]
22 16:15:23;51;2.42;[[0, 1000], [0, 300], [0, 200], [0, 200]]
22 16:15:23;52;2.42;[[0, 1000], [0, 300], [0, 200], [0, 200]]
22 16:15:23;53;2.42;[[0, 1000], [0, 300], [0, 200], [0, 200]]
22 16:15:23;54;2.42;[[0, 1000], [0, 300], [0, 200], [0, 200]]
22 16:15:23;55;2.42;[[0, 1000], [0, 300], [0, 200], [0, 200]]
22 16:15:23;56;2.42;[[0, 1000], [0, 300], [0, 200], [0, 200]]
22 16:15:23;57;2.42;[[0, 1000], [0, 300], [0, 200], [0, 200]]
22 16:15:23;58;2.42;[[0, 1000], [0, 300], [0, 200], [0, 200]]
22 16:15:23;59;2.42;[[0, 1000], [0, 300], [0, 200], [0, 200]]
22 16:15:23;3;2.42;[[54.75, 870.75], [22.27, 270.67], [18.23, 159.03], [85.46, 88.66]]
22 16:15:23;61;2.41;[[54.75, 870.75], [22.27, 270.67], [18.23, 159.03], [85.46, 88.66]]
22 16:15:23;62;2.41;[[54.75, 870.75], [22.27, 270.67], [18.23, 159.03], [85.46, 88.66]]
22 16:15:23;63;2.41;[[54.75, 870.75], [22.27, 270.67], [18.23, 159.03], [85.46, 88.66]]
22 16:15:23;64;2.41;[[54.75, 870.75], [22.27, 270.67], [18.23, 159.03], [85.46, 88.66]]
22 16:15:23;65;2.41;[[54.75, 870.75], [22.27, 270.67], [18.23, 159.03], [85.46, 88.66]]
22 16:15:23;66;2.41;[[54.75, 870.75], [22.27, 270.67], [18.23, 159.03], [85.46, 88.66]]
22 16:15:23;67;2.41;[[54.75, 870.75], [22.27, 270.67], [18.23, 159.03], [85.46, 88.66]]
22 16:15:23;68;2.41;[[54.75, 870.75], [22.27, 270.67], [18.23, 159.03], [85.46, 88.66]]
22 16:15:23;69;2.41;[[54.75, 870.75], [22.27, 270.67], [18.23, 159.03], [85.46, 88.66]]
22 16:15:23;70;2.41;[[54.75, 870.75], [22.27, 270.67], [18.23, 159.03], [85.46, 88.66]]
22 16:15:23;71;2.41;[[54.75, 870.75], [22.27, 270.67], [18.23, 159.03], [85.46, 88.66]]
22 16:15:24;72;2.41;[[54.75, 870.75], [22.27, 270.67], [18.23, 159.03], [85.46, 88.66]]
22 16:15:24;73;2.41;[[54.75, 870.75], [22.27, 270.67], [18.23, 159.03], [85.46, 88.66]]
22 16:15:24;74;2.41;[[54.75, 870.75], [22.27, 270.67], [18.23, 159.03], [85.46, 88.66]]
22 16:15:24;75;2.41;[[54.75, 870.75], [22.27, 270.67], [18.23, 159.03], [85.46, 88.66]]
22 16:15:24;76;2.41;[[54.75, 870.75], [22.27, 270.67], [18.23, 159.03], [85.46, 88.66]]
22 16:15:24;77;2.41;[[54.75, 870.75], [22.27, 270.67], [18.23, 159.03], [85.46, 88.66]]
22 16:15:24;78;2.41;[[54.75, 870.75], [22.27, 270.67], [18.23, 159.03], [85.46, 88.66]]
22 16:15:24;79;2.41;[[54.75, 870.75], [22.27, 270.67], [18.23, 159.03], [85.46, 88.66]]
22 16:15:24;80;2.41;[[54.75, 870.75], [22.27, 270.67], [18.23, 159.03], [85.46, 88.66]]
22 16:15:24;81;2.41;[[54.75, 870.75], [22.27, 270.67], [18.23, 159.03], [85.46, 88.66]]
22 16:15:24;82;2.41;[[54.75, 870.75], [22.27, 270.67], [18.23, 159.03], [85.46, 88.66]]
22 16:15:24;83;2.41;[[54.75, 870.75], [22.27, 270.67], [18.23, 159.03], [85.46, 88.66]]
22 16:15:24;84;2.41;[[54.75, 870.75], [22.27, 270.67], [18.23, 159.03], [85.46, 88.66]]
22 16:15:24;85;2.41;[[54.75, 870.75], [22.27, 270.67], [18.23, 159.03], [85.46, 88.66]]
22 16:15:24;86;2.41;[[54.75, 870.75], [22.27, 270.67], [18.23, 159.03], [85.46, 88.66]]
22 16:15:24;87;2.41;[[54.75, 870.75], [22.27, 270.67], [18.23, 159.03], [85.46, 88.66]]
22 16:15:24;88;2.41;[[54.75, 870.75], [22.27, 270.67], [18.23, 159.03], [85.46, 88.66]]
22 16:15:24;89;2.41;[[54.75, 870.75], [22.27, 270.67], [18.23, 159.03], [85.46, 88.66]]
22 16:15:24;90;2.41;[[54.75, 870.75], [22.27, 270.67], [18.23, 159.03], [85.46, 88.66]]
22 16:15:24;91;2.41;[[54.75, 870.75], [22.27, 270.67], [18.23, 159.03], [85.46, 88.66]]
22 16:15:24;92;2.41;[[54.75, 870.75], [22.27, 270.67], [18.23, 159.03], [85.46, 88.66]]
22 16:15:24;93;2.41;[[54.75, 870.75], [22.27, 270.67], [18.23, 159.03], [85.46, 88.66]]
22 16:15:24;94;2.41;[[54.75, 870.75], [22.27, 270.67], [18.23, 159.03], [85.46, 88.66]]
22 16:15:24;95;2.41;[[54.75, 870.75], [22.27, 270.67], [18.23, 159.03], [85.46, 88.66]]
22 16:15:24;96;2.41;[[54.75, 870.75], [22.27, 270.67], [18.23, 159.03], [85.46, 88.66]]
22 16:15:24;97;2.41;[[54.75, 870.75], [22.27, 270.67], [18.23, 159.03], [85.46, 88.66]]
22 16:15:24;98;2.41;[[54.75, 870.75], [22.27, 270.67], [18.23, 159.03], [85.46, 88.66]]
22 16:15:24;99;2.41;[[54.75, 870.75], [22.27, 270.67], [18.23, 159.03], [85.46, 88.66]]
22 16:15:24;100;2.41;[[54.75, 870.75], [22.27, 270.67], [18.23, 159.03], [85.46, 88.66]]
22 16:15:24;101;2.41;[[54.75, 870.75], [22.27, 270.67], [18.23, 159.03], [85.46, 88.66]]
22 16:15:24;102;2.41;[[54.75, 870.75], [22.27, 270.67], [18.23, 159.03], [85.46, 88.66]]
22 16:15:24;103;2.41;[[54.75, 870.75], [22.27, 270.67], [18.23, 159.03], [85.46, 88.66]]
22 16:15:24;104;2.41;[[54.75, 870.75], [22.27, 270.67], [18.23, 159.03], [85.46, 88.66]]
22 16:15:24;105;2.41;[[54.75, 870.75], [22.27, 270.67], [18.23, 159.03], [85.46, 88.66]]
22 16:15:24;106;2.41;[[54.75, 870.75], [22.27, 270.67], [18.23, 159.03], [85.46, 88.66]]
22 16:15:24;107;2.41;[[54.75, 870.75], [22.27, 270.67], [18.23, 159.03], [85.46, 88.66]]
22 16:15:24;108;2.41;[[54.75, 870.75], [22.27, 270.67], [18.23, 159.03], [85.46, 88.66]]
22 16:15:24;109;2.41;[[54.75, 870.75], [22.27, 270.67], [18.23, 159.03], [85.46, 88.66]]
22 16:15:24;110;2.41;[[54.75, 870.75], [22.27, 270.67], [18.23, 159.03], [85.46, 88.66]]
22 16:15:24;111;2.41;[[54.75, 870.75], [22.27, 270.67], [18.23, 159.03], [85.46, 88.66]]
22 16:15:28;0;2.42;[[0, 1000], [0, 300], [0, 200], [0, 200]]
22 16:15:28;1;2.42;[[0, 1000], [0, 300], [0, 200], [0, 200]]
22 16:15:28;2;2.42;[[0, 1000], [0, 300], [0, 200], [0, 200]]
22 16:15:28;3;2.42;[[0, 1000], [0, 300], [0, 200], [0, 200]]
22 16:15:28;4;2.42;[[0, 1000], [0, 300], [0, 200], [0, 200]]
22 16:15:28;5;2.42;[[0, 1000], [0, 300], [0, 200], [0, 200]]
22 16:15:28;6;2.42;[[0, 1000], [0, 300], [0, 200], [0, 200]]
22 16:15:28;7;2.42;[[0, 1000], [0, 300], [0, 200], [0, 200]]
22 16:15:28;8;2.42;[[0, 1000], [0, 300], [0, 200], [0, 200]]
22 16:15:28;9;2.42;[[0, 1000], [0, 300], [0, 200], [0, 200]]
22 16:15:28;10;2.42;[[0, 1000], [0, 300], [0, 200], [0, 200]]
22 16:15:28;11;2.42;[[0, 1000], [0, 300], [0, 200], [0, 200]]
22 16:15:28;12;2.42;[[0, 1000], [0, 300], [0, 200], [0, 200]]
22 16:15:28;13;2.42;[[0, 1000], [0, 300], [0, 200], [0, 200]]
22 16:15:28;14;2.42;[[0, 1000], [0, 300], [0, 200], [0, 200]]
22 16:15:28;15;2.42;[[0, 1000], [0, 300], [0, 200], [0, 200]]
22 16:15:28;16;2.42;[[0, 1000], [0, 300], [0, 200], [0, 200]]
22 16:15:28;17;2.42;[[0, 1000], [0, 300], [0, 200], [0, 200]]
22 16:15:28;18;2.42;[[0, 1000], [0, 300], [0, 200], [0, 200]]
22 16:15:28;19;2.42;[[0, 1000], [0, 300], [0, 200], [0, 200]]
22 16:15:28;20;2.42;[[0, 1000], [0, 300], [0, 200], [0, 200]]
22 16:15:28;21;2.42;[[0, 1000], [0, 300], [0, 200], [0, 200]]
22 16:15:28;22;2.42;[[0, 1000], [0, 300], [0, 200], [0, 200]]
22 16:15:28;23;2.42;[[0, 1000], [0, 300], [0, 200], [0, 200]]
22 16:15:28;24;2.42;[[0, 1000], [0, 300], [0, 200], [0, 200]]
22 16:15:28;25;2.42;[[0, 1000], [0, 300], [0, 200], [0, 200]]
22 16:15:28;26;2.42;[[0, 1000], [0, 300], [0, 200], [0, 200]]
22 16:15:28;27;2.42;[[0, 1000], [0, 300], [0, 200], [0, 200]]
22 16:15:28;28;2.42;[[0, 1000], [0, 300], [0, 200], [0, 200]]
22 16:15:28;29;2.42;[[0, 1000], [0, 300], [0, 200], [0, 200]]
22 16:15:28;30;2.42;[[0, 1000], [0, 300], [0, 200], [0, 200]]
22 16:15:28;31;2.42;[[0, 1000], [0, 300], [0, 200], [0, 200]]
22 16:15:28;32;2.42;[[0, 1000], [0, 300], [0, 200], [0, 200]]
22 16:15:28;33;2.42;[[0, 1000], [0, 300], [0, 200], [0, 200]]
22 16:15:28;34;2.42;[[0, 1000], [0, 300], [0, 200], [0, 200]]
22 16:15:28;35;2.42;[[0, 1000], [0, 300], [0, 200], [0, 200]]
22 16:15:28;36;2.42;[[0, 1000], [0, 300], [0, 200], [0, 200]]
22 16:15:28;37;2.42;[[0, 1000], [0, 300], [0, 200], [0, 200]]
22 16:15:28;38;2.42;[[0, 1000], [0, 300], [0, 200], [0, 200]]
22 16:15:29;39;2.42;[[0, 1000], [0, 300], [0, 200], [0, 200]]
22 16:15:29;40;2.42;[[0, 1000], [0, 300], [0, 200], [0, 200]]
22 16:15:29;41;2.42;[[0, 1000], [0, 300], [0, 200], [0, 200]]
22 16:15:29;42;2.42;[[0, 1000], [0, 300], [0, 200], [0, 200]]
22 16:15:29;43;2.42;[[0, 1000], [0, 300], [0, 200], [0, 200]]
22 16:15:29;44;2.42;[[0, 1000], [0, 300], [0, 200], [0, 200]]
22 16:15:29;45;2.42;[[0, 1000], [0, 300], [0, 200], [0, 200]]
22 16:15:29;46;2.42;[[0, 1000], [0, 300], [0, 200], [0, 200]]
22 16:15:29;47;2.42;[[0, 1000], [0, 300], [0, 200], [0, 200]]
22 16:15:29;48;2.42;[[0, 1000], [0, 300], [0, 200], [0, 200]]
22 16:15:29;49;2.42;[[0, 1000], [0, 300], [0, 200], [0, 200]]
22 16:15:29;50;2.42;[[0, 1000], [0, 300], [0, 200], [0, 200]]
22 16:15:29;51;2.42;[[0, 1000], [0, 300], [0, 200], [0, 200]]
22 16:15:29;52;2.42;[[0, 1000], [0, 300], [0, 200], [0, 200]]
22 16:15:29;53;2.42;[[0, 1000], [0, 300], [0, 200], [0, 200]]
22 16:15:29;54;2.42;[[0, 1000], [0, 300], [0, 200], [0, 200]]
22 16:15:29;55;2.42;[[0, 1000], [0, 300], [0, 200], [0, 200]]
22 16:15:29;56;2.42;[[0, 1000], [0, 300], [0, 200], [0, 200]]
22 16:15:29;57;2.42;[[0, 1000], [0, 300], [0, 200], [0, 200]]
22 16:15:29;58;2.42;[[0, 1000], [0, 300], [0, 200], [0, 200]]
22 16:15:29;59;2.42;[[0, 1000], [0, 300], [0, 200], [0, 200]]
22 16:15:29;3;2.42;[[6.2, 974.2], [7.78, 174.58], [34.53, 192.13], [86.26, 87.86]]
22 16:15:29;61;2.41;[[6.2, 974.2], [7.78, 174.58], [34.53, 192.13], [86.26, 87.86]]
22 16:15:29;62;2.41;[[6.2, 974.2], [7.78, 174.58], [34.53, 192.13], [86.26, 87.86]]
22 16:15:29;63;2.41;[[6.2, 974.2], [7.78, 174.58], [34.53, 192.13], [86.26, 87.86]]
22 16:15:29;64;2.41;[[6.2, 974.2], [7.78, 174.58], [34.53, 192.13], [86.26, 87.86]]
22 16:15:29;65;2.41;[[6.2, 974.2], [7.78, 174.58], [34.53, 192.13], [86.26, 87.86]]
22 16:15:29;66;2.41;[[6.2, 974.2], [7.78, 174.58], [34.53, 192.13], [86.26, 87.86]]
22 16:15:29;67;2.41;[[6.2, 974.2], [7.78, 174.58], [34.53, 192.13], [86.26, 87.86]]
22 16:15:29;68;2.41;[[6.2, 974.2], [7.78, 174.58], [34.53, 192.13], [86.26, 87.86]]
22 16:15:29;69;2.41;[[6.2, 974.2], [7.78, 174.58], [34.53, 192.13], [86.26, 87.86]]
22 16:15:29;70;2.41;[[6.2, 974.2], [7.78, 174.58], [34.53, 192.13], [86.26, 87.86]]
22 16:15:29;71;2.41;[[6.2, 974.2], [7.78, 174.58], [34.53, 192.13], [86.26, 87.86]]
22 16:15:29;72;2.41;[[6.2, 974.2], [7.78, 174.58], [34.53, 192.13], [86.26, 87.86]]
22 16:15:29;73;2.41;[[6.2, 974.2], [7.78, 174.58], [34.53, 192.13], [86.26, 87.86]]
22 16:15:29;74;2.41;[[6.2, 974.2], [7.78, 174.58], [34.53, 192.13], [86.26, 87.86]]
22 16:15:29;75;2.41;[[6.2, 974.2], [7.78, 174.58], [34.53, 192.13], [86.26, 87.86]]
22 16:15:29;76;2.41;[[6.2, 974.2], [7.78, 174.58], [34.53, 192.13], [86.26, 87.86]]
22 16:15:29;77;2.41;[[6.2, 974.2], [7.78, 174.58], [34.53, 192.13], [86.26, 87.86]]
22 16:15:29;78;2.41;[[6.2, 974.2], [7.78, 174.58], [34.53, 192.13], [86.26, 87.86]]
22 16:15:29;79;2.41;[[6.2, 974.2], [7.78, 174.58], [34.53, 192.13], [86.26, 87.86]]
22 16:15:30;80;2.41;[[6.2, 974.2], [7.78, 174.58], [34.53, 192.13], [86.26, 87.86]]
22 16:15:30;81;2.41;[[6.2, 974.2], [7.78, 174.58], [34.53, 192.13], [86.26, 87.86]]
22 16:15:30;82;2.41;[[6.2, 974.2], [7.78, 174.58], [34.53, 192.13], [86.26, 87.86]]
22 16:15:30;83;2.41;[[6.2, 974.2], [7.78, 174.58], [34.53, 192.13], [86.26, 87.86]]
22 16:15:30;84;2.41;[[6.2, 974.2], [7.78, 174.58], [34.53, 192.13], [86.26, 87.86]]
22 16:15:30;85;2.41;[[6.2, 974.2], [7.78, 174.58], [34.53, 192.13], [86.26, 87.86]]
22 16:15:30;86;2.41;[[6.2, 974.2], [7.78, 174.58], [34.53, 192.13], [86.26, 87.86]]
22 16:15:30;87;2.41;[[6.2, 974.2], [7.78, 174.58], [34.53, 192.13], [86.26, 87.86]]
22 16:15:30;88;2.41;[[6.2, 974.2], [7.78, 174.58], [34.53, 192.13], [86.26, 87.86]]
22 16:15:30;89;2.41;[[6.2, 974.2], [7.78, 174.58], [34.53, 192.13], [86.26, 87.86]]
22 16:15:30;90;2.41;[[6.2, 974.2], [7.78, 174.58], [34.53, 192.13], [86.26, 87.86]]
22 16:15:30;91;2.41;[[6.2, 974.2], [7.78, 174.58], [34.53, 192.13], [86.26, 87.86]]
22 16:15:30;92;2.41;[[6.2, 974.2], [7.78, 174.58], [34.53, 192.13], [86.26, 87.86]]
22 16:15:30;93;2.41;[[6.2, 974.2], [7.78, 174.58], [34.53, 192.13], [86.26, 87.86]]
22 16:15:30;94;2.41;[[6.2, 974.2], [7.78, 174.58], [34.53, 192.13], [86.26, 87.86]]
22 16:15:30;95;2.41;[[6.2, 974.2], [7.78, 174.58], [34.53, 192.13], [86.26, 87.86]]
22 16:15:30;96;2.41;[[6.2, 974.2], [7.78, 174.58], [34.53, 192.13], [86.26, 87.86]]
22 16:15:30;97;2.41;[[6.2, 974.2], [7.78, 174.58], [34.53, 192.13], [86.26, 87.86]]
22 16:15:30;98;2.41;[[6.2, 974.2], [7.78, 174.58], [34.53, 192.13], [86.26, 87.86]]
22 16:15:30;99;2.41;[[6.2, 974.2], [7.78, 174.58], [34.53, 192.13], [86.26, 87.86]]
22 16:15:30;100;2.41;[[6.2, 974.2], [7.78, 174.58], [34.53, 192.13], [86.26, 87.86]]
22 16:15:30;101;2.41;[[6.2, 974.2], [7.78, 174.58], [34.53, 192.13], [86.26, 87.86]]
22 16:15:30;102;2.41;[[6.2, 974.2], [7.78, 174.58], [34.53, 192.13], [86.26, 87.86]]
22 16:15:30;103;2.41;[[6.2, 974.2], [7.78, 174.58], [34.53, 192.13], [86.26, 87.86]]
22 16:15:30;104;2.41;[[6.2, 974.2], [7.78, 174.58], [34.53, 192.13], [86.26, 87.86]]
22 16:15:30;105;2.41;[[6.2, 974.2], [7.78, 174.58], [34.53, 192.13], [86.26, 87.86]]
22 16:15:30;106;2.41;[[6.2, 974.2], [7.78, 174.58], [34.53, 192.13], [86.26, 87.86]]
22 16:15:30;107;2.41;[[6.2, 974.2], [7.78, 174.58], [34.53, 192.13], [86.26, 87.86]]
22 16:15:30;108;2.41;[[6.2, 974.2], [7.78, 174.58], [34.53, 192.13], [86.26, 87.86]]
22 16:15:30;109;2.41;[[6.2, 974.2], [7.78, 174.58], [34.53, 192.13], [86.26, 87.86]]
22 16:15:30;110;2.41;[[6.2, 974.2], [7.78, 174.58], [34.53, 192.13], [86.26, 87.86]]
22 16:15:30;111;2.41;[[6.2, 974.2], [7.78, 174.58], [34.53, 192.13], [86.26, 87.86]]
22 16:15:30;112;2.41;[[6.2, 974.2], [7.78, 174.58], [34.53, 192.13], [86.26, 87.86]]
22 16:15:30;113;2.41;[[6.2, 974.2], [7.78, 174.58], [34.53, 192.13], [86.26, 87.86]]
22 16:15:30;114;2.41;[[6.2, 974.2], [7.78, 174.58], [34.53, 192.13], [86.26, 87.86]]
22 16:15:30;115;2.41;[[6.2, 974.2], [7.78, 174.58], [34.53, 192.13], [86.26, 87.86]]
22 16:15:30;116;2.41;[[6.2, 974.2], [7.78, 174.58], [34.53, 192.13], [86.26, 87.86]]
22 16:15:30;117;2.41;[[6.2, 974.2], [7.78, 174.58], [34.53, 192.13], [86.26, 87.86]]
22 16:15:30;118;2.41;[[6.2, 974.2], [7.78, 174.58], [34.53, 192.13], [86.26, 87.86]]
22 16:15:30;119;2.41;[[6.2, 974.2], [7.78, 174.58], [34.53, 192.13], [86.26, 87.86]]
22 16:15:30;3;2.41;[[308.82, 804.44], [14.95, 151.05], [49.37, 112.41], [78.35, 96.14]]
22 16:15:31;121;2.41;[[308.82, 804.44], [14.95, 151.05], [49.37, 112.41], [78.35, 96.14]]
22 16:15:31;122;2.41;[[308.82, 804.44], [14.95, 151.05], [49.37, 112.41], [78.35, 96.14]]
22 16:15:31;123;2.41;[[308.82, 804.44], [14.95, 151.05], [49.37, 112.41], [78.35, 96.14]]
22 16:15:31;124;2.41;[[308.82, 804.44], [14.95, 151.05], [49.37, 112.41], [78.35, 96.14]]
22 16:15:31;125;2.41;[[308.82, 804.44], [14.95, 151.05], [49.37, 112.41], [78.35, 96.14]]
22 16:15:31;126;2.41;[[308.82, 804.44], [14.95, 151.05], [49.37, 112.41], [78.35, 96.14]]
22 16:15:31;127;2.41;[[308.82, 804.44], [14.95, 151.05], [49.37, 112.41], [78.35, 96.14]]
22 16:15:31;128;2.41;[[308.82, 804.44], [14.95, 151.05], [49.37, 112.41], [78.35, 96.14]]
22 16:15:31;129;2.41;[[308.82, 804.44], [14.95, 151.05], [49.37, 112.41], [78.35, 96.14]]
22 16:15:31;130;2.41;[[308.82, 804.44], [14.95, 151.05], [49.37, 112.41], [78.35, 96.14]]
22 16:15:31;131;2.41;[[308.82, 804.44], [14.95, 151.05], [49.37, 112.41], [78.35, 96.14]]
22 16:15:31;132;2.41;[[308.82, 804.44], [14.95, 151.05], [49.37, 112.41], [78.35, 96.14]]
22 16:15:31;133;2.41;[[308.82, 804.44], [14.95, 151.05], [49.37, 112.41], [78.35, 96.14]]
22 16:15:31;134;2.41;[[308.82, 804.44], [14.95, 151.05], [49.37, 112.41], [78.35, 96.14]]
22 16:15:31;135;2.41;[[308.82, 804.44], [14.95, 151.05], [49.37, 112.41], [78.35, 96.14]]
22 16:15:31;136;2.41;[[308.82, 804.44], [14.95, 151.05], [49.37, 112.41], [78.35, 96.14]]
22 16:15:31;137;2.41;[[308.82, 804.44], [14.95, 151.05], [49.37, 112.41], [78.35, 96.14]]
22 16:15:31;138;2.41;[[308.82, 804.44], [14.95, 151.05], [49.37, 112.41], [78.35, 96.14]]
22 16:15:31;139;2.41;[[308.82, 804.44], [14.95, 151.05], [49.37, 112.41], [78.35, 96.14]]
22 16:15:31;140;2.41;[[308.82, 804.44], [14.95, 151.05], [49.37, 112.41], [78.35, 96.14]]
22 16:15:31;141;2.41;[[308.82, 804.44], [14.95, 151.05], [49.37, 112.41], [78.35, 96.14]]
22 16:15:31;142;2.41;[[308.82, 804.44], [14.95, 151.05], [49.37, 112.41], [78.35, 96.14]]
22 16:15:31;143;2.41;[[308.82, 804.44], [14.95, 151.05], [49.37, 112.41], [78.35, 96.14]]
22 16:15:31;144;2.41;[[308.82, 804.44], [14.95, 151.05], [49.37, 112.41], [78.35, 96.14]]
22 16:15:31;145;2.41;[[308.82, 804.44], [14.95, 151.05], [49.37, 112.41], [78.35, 96.14]]
22 16:15:31;146;2.41;[[308.82, 804.44], [14.95, 151.05], [49.37, 112.41], [78.35, 96.14]]
22 16:15:31;147;2.41;[[308.82, 804.44], [14.95, 151.05], [49.37, 112.41], [78.35, 96.14]]
22 16:15:31;148;2.41;[[308.82, 804.44], [14.95, 151.05], [49.37, 112.41], [78.35, 96.14]]
22 16:15:31;149;2.41;[[308.82, 804.44], [14.95, 151.05], [49.37, 112.41], [78.35, 96.14]]
22 16:15:31;150;2.41;[[308.82, 804.44], [14.95, 151.05], [49.37, 112.41], [78.35, 96.14]]
22 16:15:31;151;2.41;[[308.82, 804.44], [14.95, 151.05], [49.37, 112.41], [78.35, 96.14]]
22 16:15:31;152;2.41;[[308.82, 804.44], [14.95, 151.05], [49.37, 112.41], [78.35, 96.14]]
22 16:15:31;153;2.41;[[308.82, 804.44], [14.95, 151.05], [49.37, 112.41], [78.35, 96.14]]
22 16:15:31;154;2.41;[[308.82, 804.44], [14.95, 151.05], [49.37, 112.41], [78.35, 96.14]]
22 16:15:31;155;2.41;[[308.82, 804.44], [14.95, 151.05], [49.37, 112.41], [78.35, 96.14]]
22 16:15:31;156;2.41;[[308.82, 804.44], [14.95, 151.05], [49.37, 112.41], [78.35, 96.14]]
22 16:15:31;157;2.41;[[308.82, 804.44], [14.95, 151.05], [49.37, 112.41], [78.35, 96.14]]
22 16:15:31;158;2.41;[[308.82, 804.44], [14.95, 151.05], [49.37, 112.41], [78.35, 96.14]]
22 16:15:31;159;2.41;[[308.82, 804.44], [14.95, 151.05], [49.37, 112.41], [78.35, 96.14]]
22 16:15:31;160;2.41;[[308.82, 804.44], [14.95, 151.05], [49.37, 112.41], [78.35, 96.14]]
22 16:15:31;161;2.41;[[308.82, 804.44], [14.95, 151.05], [49.37, 112.41], [78.35, 96.14]]
22 16:15:32;162;2.41;[[308.82, 804.44], [14.95, 151.05], [49.37, 112.41], [78.35, 96.14]]
22 16:15:32;163;2.41;[[308.82, 804.44], [14.95, 151.05], [49.37, 112.41], [78.35, 96.14]]
22 16:15:32;164;2.41;[[308.82, 804.44], [14.95, 151.05], [49.37, 112.41], [78.35, 96.14]]
22 16:15:32;165;2.41;[[308.82, 804.44], [14.95, 151.05], [49.37, 112.41], [78.35, 96.14]]
22 16:15:32;166;2.41;[[308.82, 804.44], [14.95, 151.05], [49.37, 112.41], [78.35, 96.14]]
22 16:15:32;167;2.41;[[308.82, 804.44], [14.95, 151.05], [49.37, 112.41], [78.35, 96.14]]
22 16:15:32;168;2.41;[[308.82, 804.44], [14.95, 151.05], [49.37, 112.41], [78.35, 96.14]]
22 16:15:32;169;2.41;[[308.82, 804.44], [14.95, 151.05], [49.37, 112.41], [78.35, 96.14]]
22 16:15:32;170;2.41;[[308.82, 804.44], [14.95, 151.05], [49.37, 112.41], [78.35, 96.14]]
22 16:15:32;171;2.41;[[308.82, 804.44], [14.95, 151.05], [49.37, 112.41], [78.35, 96.14]]
22 16:15:32;172;2.41;[[308.82, 804.44], [14.95, 151.05], [49.37, 112.41], [78.35, 96.14]]
22 16:15:32;173;2.41;[[308.82, 804.44], [14.95, 151.05], [49.37, 112.41], [78.35, 96.14]]
22 16:15:32;174;2.41;[[308.82, 804.44], [14.95, 151.05], [49.37, 112.41], [78.35, 96.14]]
22 16:15:32;175;2.41;[[308.82, 804.44], [14.95, 151.05], [49.37, 112.41], [78.35, 96.14]]
22 16:15:32;176;2.41;[[308.82, 804.44], [14.95, 151.05], [49.37, 112.41], [78.35, 96.14]]
22 16:15:32;177;2.41;[[308.82, 804.44], [14.95, 151.05], [49.37, 112.41], [78.35, 96.14]]
22 16:15:32;178;2.41;[[308.82, 804.44], [14.95, 151.05], [49.37, 112.41], [78.35, 96.14]]
22 16:15:32;179;2.41;[[308.82, 804.44], [14.95, 151.05], [49.37, 112.41], [78.35, 96.14]]
22 16:15:32;3;2.41;[[418.34, 745.45], [21.65, 100.05], [64.49, 110.38], [78.38, 96.18]]
22 16:15:32;181;2.41;[[418.34, 745.45], [21.65, 100.05], [64.49, 110.38], [78.38, 96.18]]
22 16:15:32;182;2.41;[[418.34, 745.45], [21.65, 100.05], [64.49, 110.38], [78.38, 96.18]]
22 16:15:32;183;2.41;[[418.34, 745.45], [21.65, 100.05], [64.49, 110.38], [78.38, 96.18]]
22 16:15:32;184;2.41;[[418.34, 745.45], [21.65, 100.05], [64.49, 110.38], [78.38, 96.18]]
22 16:15:32;185;2.41;[[418.34, 745.45], [21.65, 100.05], [64.49, 110.38], [78.38, 96.18]]
22 16:15:32;186;2.41;[[418.34, 745.45], [21.65, 100.05], [64.49, 110.38], [78.38, 96.18]]
22 16:15:32;187;2.41;[[418.34, 745.45], [21.65, 100.05], [64.49, 110.38], [78.38, 96.18]]
22 16:15:32;188;2.41;[[418.34, 745.45], [21.65, 100.05], [64.49, 110.38], [78.38, 96.18]]
22 16:15:32;189;2.41;[[418.34, 745.45], [21.65, 100.05], [64.49, 110.38], [78.38, 96.18]]
22 16:15:32;190;2.41;[[418.34, 745.45], [21.65, 100.05], [64.49, 110.38], [78.38, 96.18]]
22 16:15:32;191;2.41;[[418.34, 745.45], [21.65, 100.05], [64.49, 110.38], [78.38, 96.18]]
22 16:15:32;192;2.41;[[418.34, 745.45], [21.65, 100.05], [64.49, 110.38], [78.38, 96.18]]
22 16:15:32;193;2.41;[[418.34, 745.45], [21.65, 100.05], [64.49, 110.38], [78.38, 96.18]]
22 16:15:32;194;2.41;[[418.34, 745.45], [21.65, 100.05], [64.49, 110.38], [78.38, 96.18]]
22 16:15:32;195;2.41;[[418.34, 745.45], [21.65, 100.05], [64.49, 110.38], [78.38, 96.18]]
22 16:15:32;196;2.41;[[418.34, 745.45], [21.65, 100.05], [64.49, 110.38], [78.38, 96.18]]
22 16:15:32;197;2.41;[[418.34, 745.45], [21.65, 100.05], [64.49, 110.38], [78.38, 96.18]]
22 16:15:32;198;2.41;[[418.34, 745.45], [21.65, 100.05], [64.49, 110.38], [78.38, 96.18]]
22 16:15:32;199;2.41;[[418.34, 745.45], [21.65, 100.05], [64.49, 110.38], [78.38, 96.18]]
22 16:15:32;200;2.41;[[418.34, 745.45], [21.65, 100.05], [64.49, 110.38], [78.38, 96.18]]
22 16:15:32;201;2.41;[[418.34, 745.45], [21.65, 100.05], [64.49, 110.38], [78.38, 96.18]]
22 16:15:33;202;2.41;[[418.34, 745.45], [21.65, 100.05], [64.49, 110.38], [78.38, 96.18]]
22 16:15:33;203;2.41;[[418.34, 745.45], [21.65, 100.05], [64.49, 110.38], [78.38, 96.18]]
22 16:15:33;204;2.41;[[418.34, 745.45], [21.65, 100.05], [64.49, 110.38], [78.38, 96.18]]
22 16:15:33;205;2.41;[[418.34, 745.45], [21.65, 100.05], [64.49, 110.38], [78.38, 96.18]]
22 16:15:33;206;2.41;[[418.34, 745.45], [21.65, 100.05], [64.49, 110.38], [78.38, 96.18]]
22 16:15:33;207;2.41;[[418.34, 745.45], [21.65, 100.05], [64.49, 110.38], [78.38, 96.18]]
22 16:15:33;208;2.41;[[418.34, 745.45], [21.65, 100.05], [64.49, 110.38], [78.38, 96.18]]
22 16:15:33;209;2.41;[[418.34, 745.45], [21.65, 100.05], [64.49, 110.38], [78.38, 96.18]]
22 16:15:33;210;2.41;[[418.34, 745.45], [21.65, 100.05], [64.49, 110.38], [78.38, 96.18]]
22 16:15:33;211;2.41;[[418.34, 745.45], [21.65, 100.05], [64.49, 110.38], [78.38, 96.18]]
22 16:15:33;212;2.41;[[418.34, 745.45], [21.65, 100.05], [64.49, 110.38], [78.38, 96.18]]
22 16:15:33;213;2.41;[[418.34, 745.45], [21.65, 100.05], [64.49, 110.38], [78.38, 96.18]]
22 16:15:33;214;2.41;[[418.34, 745.45], [21.65, 100.05], [64.49, 110.38], [78.38, 96.18]]
22 16:15:33;215;2.41;[[418.34, 745.45], [21.65, 100.05], [64.49, 110.38], [78.38, 96.18]]
22 16:15:33;216;2.41;[[418.34, 745.45], [21.65, 100.05], [64.49, 110.38], [78.38, 96.18]]
22 16:15:33;217;2.41;[[418.34, 745.45], [21.65, 100.05], [64.49, 110.38], [78.38, 96.18]]
22 16:15:33;218;2.41;[[418.34, 745.45], [21.65, 100.05], [64.49, 110.38], [78.38, 96.18]]
22 16:15:33;219;2.41;[[418.34, 745.45], [21.65, 100.05], [64.49, 110.38], [78.38, 96.18]]
22 16:15:33;220;2.41;[[418.34, 745.45], [21.65, 100.05], [64.49, 110.38], [78.38, 96.18]]
22 16:15:33;221;2.41;[[418.34, 745.45], [21.65, 100.05], [64.49, 110.38], [78.38, 96.18]]
22 16:15:33;222;2.41;[[418.34, 745.45], [21.65, 100.05], [64.49, 110.38], [78.38, 96.18]]
22 16:15:33;223;2.41;[[418.34, 745.45], [21.65, 100.05], [64.49, 110.38], [78.38, 96.18]]
22 16:15:33;224;2.41;[[418.34, 745.45], [21.65, 100.05], [64.49, 110.38], [78.38, 96.18]]
22 16:15:33;225;2.41;[[418.34, 745.45], [21.65, 100.05], [64.49, 110.38], [78.38, 96.18]]
22 16:15:33;226;2.41;[[418.34, 745.45], [21.65, 100.05], [64.49, 110.38], [78.38, 96.18]]
22 16:15:33;227;2.41;[[418.34, 745.45], [21.65, 100.05], [64.49, 110.38], [78.38, 96.18]]
22 16:15:33;228;2.41;[[418.34, 745.45], [21.65, 100.05], [64.49, 110.38], [78.38, 96.18]]
22 16:15:33;229;2.41;[[418.34, 745.45], [21.65, 100.05], [64.49, 110.38], [78.38, 96.18]]
22 16:15:33;230;2.41;[[418.34, 745.45], [21.65, 100.05], [64.49, 110.38], [78.38, 96.18]]
22 16:15:33;231;2.41;[[418.34, 745.45], [21.65, 100.05], [64.49, 110.38], [78.38, 96.18]]
22 16:15:33;232;2.41;[[418.34, 745.45], [21.65, 100.05], [64.49, 110.38], [78.38, 96.18]]
22 16:15:33;233;2.41;[[418.34, 745.45], [21.65, 100.05], [64.49, 110.38], [78.38, 96.18]]
22 16:15:33;234;2.41;[[418.34, 745.45], [21.65, 100.05], [64.49, 110.38], [78.38, 96.18]]
22 16:15:33;235;2.41;[[418.34, 745.45], [21.65, 100.05], [64.49, 110.38], [78.38, 96.18]]
22 16:15:33;236;2.41;[[418.34, 745.45], [21.65, 100.05], [64.49, 110.38], [78.38, 96.18]]
22 16:15:33;237;2.41;[[418.34, 745.45], [21.65, 100.05], [64.49, 110.38], [78.38, 96.18]]
22 16:15:33;238;2.41;[[418.34, 745.45], [21.65, 100.05], [64.49, 110.38], [78.38, 96.18]]
22 16:15:33;239;2.41;[[418.34, 745.45], [21.65, 100.05], [64.49, 110.38], [78.38, 96.18]]
22 16:15:33;3;2.41;[[509.24, 658.4], [29.96, 91.43], [77.79, 97.98], [78.35, 96.14]]
22 16:15:33;241;2.41;[[509.24, 658.4], [29.96, 91.43], [77.79, 97.98], [78.35, 96.14]]
22 16:15:33;242;2.41;[[509.24, 658.4], [29.96, 91.43], [77.79, 97.98], [78.35, 96.14]]
22 16:15:34;243;2.41;[[509.24, 658.4], [29.96, 91.43], [77.79, 97.98], [78.35, 96.14]]
22 16:15:34;244;2.41;[[509.24, 658.4], [29.96, 91.43], [77.79, 97.98], [78.35, 96.14]]
22 16:15:34;245;2.41;[[509.24, 658.4], [29.96, 91.43], [77.79, 97.98], [78.35, 96.14]]
22 16:15:34;246;2.41;[[509.24, 658.4], [29.96, 91.43], [77.79, 97.98], [78.35, 96.14]]
22 16:15:34;247;2.41;[[509.24, 658.4], [29.96, 91.43], [77.79, 97.98], [78.35, 96.14]]
22 16:15:34;248;2.41;[[509.24, 658.4], [29.96, 91.43], [77.79, 97.98], [78.35, 96.14]]
22 16:15:34;249;2.41;[[509.24, 658.4], [29.96, 91.43], [77.79, 97.98], [78.35, 96.14]]
22 16:15:34;250;2.41;[[509.24, 658.4], [29.96, 91.43], [77.79, 97.98], [78.35, 96.14]]
22 16:15:34;251;2.41;[[509.24, 658.4], [29.96, 91.43], [77.79, 97.98], [78.35, 96.14]]
22 16:15:34;252;2.41;[[509.24, 658.4], [29.96, 91.43], [77.79, 97.98], [78.35, 96.14]]
22 16:15:34;253;2.41;[[509.24, 658.4], [29.96, 91.43], [77.79, 97.98], [78.35, 96.14]]
22 16:15:34;254;2.41;[[509.24, 658.4], [29.96, 91.43], [77.79, 97.98], [78.35, 96.14]]
22 16:15:34;255;2.41;[[509.24, 658.4], [29.96, 91.43], [77.79, 97.98], [78.35, 96.14]]
22 16:15:34;256;2.41;[[509.24, 658.4], [29.96, 91.43], [77.79, 97.98], [78.35, 96.14]]
22 16:15:34;257;2.41;[[509.24, 658.4], [29.96, 91.43], [77.79, 97.98], [78.35, 96.14]]
22 16:15:34;258;2.41;[[509.24, 658.4], [29.96, 91.43], [77.79, 97.98], [78.35, 96.14]]
22 16:15:34;259;2.41;[[509.24, 658.4], [29.96, 91.43], [77.79, 97.98], [78.35, 96.14]]
22 16:15:34;260;2.41;[[509.24, 658.4], [29.96, 91.43], [77.79, 97.98], [78.35, 96.14]]
22 16:15:34;261;2.41;[[509.24, 658.4], [29.96, 91.43], [77.79, 97.98], [78.35, 96.14]]
22 16:15:34;262;2.41;[[509.24, 658.4], [29.96, 91.43], [77.79, 97.98], [78.35, 96.14]]
22 16:15:34;263;2.41;[[509.24, 658.4], [29.96, 91.43], [77.79, 97.98], [78.35, 96.14]]
22 16:15:34;264;2.41;[[509.24, 658.4], [29.96, 91.43], [77.79, 97.98], [78.35, 96.14]]
22 16:15:34;265;2.41;[[509.24, 658.4], [29.96, 91.43], [77.79, 97.98], [78.35, 96.14]]
22 16:15:34;266;2.41;[[509.24, 658.4], [29.96, 91.43], [77.79, 97.98], [78.35, 96.14]]
22 16:15:34;267;2.41;[[509.24, 658.4], [29.96, 91.43], [77.79, 97.98], [78.35, 96.14]]
22 16:18:41;0;2.42;[[0.0, 500.0], [0.0, 150.0], [0.0, 100.0], [0.0, 100.0]]
22 16:18:41;0;2.42;[[0.0, 500.0], [0.0, 150.0], [0.0, 100.0], [0.0, 100.0]]
22 16:18:41;1;2.42;[[0.0, 500.0], [0.0, 150.0], [0.0, 100.0], [0.0, 100.0]]
22 16:18:41;1;2.42;[[0.0, 500.0], [0.0, 150.0], [0.0, 100.0], [0.0, 100.0]]
22 16:18:41;0;2.42;[[0.0, 500.0], [0.0, 150.0], [0.0, 100.0], [0.0, 100.0]]
22 16:18:41;2;2.42;[[0.0, 500.0], [0.0, 150.0], [0.0, 100.0], [0.0, 100.0]]
22 16:18:41;1;2.42;[[0.0, 500.0], [0.0, 150.0], [0.0, 100.0], [0.0, 100.0]]
22 16:18:41;0;2.42;[[0.0, 500.0], [0.0, 150.0], [0.0, 100.0], [0.0, 100.0]]
22 16:18:41;2;2.42;[[0.0, 500.0], [0.0, 150.0], [0.0, 100.0], [0.0, 100.0]]
22 16:18:41;1;2.42;[[0.0, 500.0], [0.0, 150.0], [0.0, 100.0], [0.0, 100.0]]
22 16:18:41;2;2.42;[[0.0, 500.0], [0.0, 150.0], [0.0, 100.0], [0.0, 100.0]]
22 16:18:41;0;2.42;[[0.0, 500.0], [0.0, 150.0], [0.0, 100.0], [0.0, 100.0]]
22 16:18:41;0;2.42;[[0.0, 500.0], [0.0, 150.0], [0.0, 100.0], [0.0, 100.0]]
22 16:18:41;0;2.42;[[0.0, 500.0], [0.0, 150.0], [0.0, 100.0], [0.0, 100.0]]
22 16:18:41;1;2.42;[[0.0, 500.0], [0.0, 150.0], [0.0, 100.0], [0.0, 100.0]]
22 16:18:41;2;2.42;[[0.0, 500.0], [0.0, 150.0], [0.0, 100.0], [0.0, 100.0]]
22 16:18:41;1;2.42;[[0.0, 500.0], [0.0, 150.0], [0.0, 100.0], [0.0, 100.0]]
22 16:18:41;1;2.42;[[0.0, 500.0], [0.0, 150.0], [0.0, 100.0], [0.0, 100.0]]
22 16:18:42;1;2.42;[[0.0, 500.0], [0.0, 150.0], [0.0, 100.0], [0.0, 100.0]]
22 16:18:41;0;2.42;[[0.0, 500.0], [0.0, 150.0], [0.0, 100.0], [0.0, 100.0]]
22 16:18:42;2;2.42;[[0.0, 500.0], [0.0, 150.0], [0.0, 100.0], [0.0, 100.0]]
22 16:18:42;0;2.42;[[0.0, 500.0], [0.0, 150.0], [0.0, 100.0], [0.0, 100.0]]
22 16:18:42;0;2.42;[[0.0, 500.0], [0.0, 150.0], [0.0, 100.0], [0.0, 100.0]]
22 16:18:42;0;2.42;[[0.0, 500.0], [0.0, 150.0], [0.0, 100.0], [0.0, 100.0]]
22 16:18:42;2;2.42;[[0.0, 500.0], [0.0, 150.0], [0.0, 100.0], [0.0, 100.0]]
22 16:18:42;2;2.42;[[0.0, 500.0], [0.0, 150.0], [0.0, 100.0], [0.0, 100.0]]
22 16:18:42;2;2.42;[[0.0, 500.0], [0.0, 150.0], [0.0, 100.0], [0.0, 100.0]]
22 16:18:42;1;2.42;[[0.0, 500.0], [0.0, 150.0], [0.0, 100.0], [0.0, 100.0]]
22 16:18:42;0;2.42;[[0.0, 500.0], [0.0, 150.0], [0.0, 100.0], [0.0, 100.0]]
22 16:18:42;0;2.42;[[0.0, 500.0], [0.0, 150.0], [0.0, 100.0], [0.0, 100.0]]
22 16:18:42;1;2.42;[[0.0, 500.0], [0.0, 150.0], [0.0, 100.0], [0.0, 100.0]]
22 16:18:42;1;2.42;[[0.0, 500.0], [0.0, 150.0], [0.0, 100.0], [0.0, 100.0]]
22 16:18:42;2;2.42;[[0.0, 500.0], [0.0, 150.0], [0.0, 100.0], [0.0, 100.0]]
22 16:18:42;1;2.42;[[0.0, 500.0], [0.0, 150.0], [0.0, 100.0], [0.0, 100.0]]
22 16:18:42;0;2.42;[[0.0, 500.0], [0.0, 150.0], [0.0, 100.0], [0.0, 100.0]]
22 16:18:42;1;2.42;[[0.0, 500.0], [0.0, 150.0], [0.0, 100.0], [0.0, 100.0]]
22 16:18:42;2;2.42;[[0.0, 500.0], [0.0, 150.0], [0.0, 100.0], [0.0, 100.0]]
22 16:18:42;2;2.42;[[0.0, 500.0], [0.0, 150.0], [0.0, 100.0], [0.0, 100.0]]
22 16:18:42;1;2.42;[[0.0, 500.0], [0.0, 150.0], [0.0, 100.0], [0.0, 100.0]]
22 16:18:42;0;2.42;[[0.0, 500.0], [0.0, 150.0], [0.0, 100.0], [0.0, 100.0]]
22 16:18:42;0;3.44;[[500.0, 1000.0], [150.0, 300.0], [100.0, 200.0], [100.0, 200.0]]
22 16:18:42;1;2.42;[[0.0, 500.0], [0.0, 150.0], [0.0, 100.0], [0.0, 100.0]]
22 16:18:42;2;2.42;[[0.0, 500.0], [0.0, 150.0], [0.0, 100.0], [0.0, 100.0]]
22 16:18:42;0;3.44;[[500.0, 1000.0], [150.0, 300.0], [100.0, 200.0], [100.0, 200.0]]
22 16:18:42;0;3.61;[[500.0, 1000.0], [150.0, 300.0], [100.0, 200.0], [100.0, 200.0]]
22 16:18:42;2;2.42;[[0.0, 500.0], [0.0, 150.0], [0.0, 100.0], [0.0, 100.0]]
22 16:18:42;2;2.42;[[0.0, 500.0], [0.0, 150.0], [0.0, 100.0], [0.0, 100.0]]
22 16:18:42;1;2.42;[[0.0, 500.0], [0.0, 150.0], [0.0, 100.0], [0.0, 100.0]]
22 16:18:42;1;3.44;[[500.0, 1000.0], [150.0, 300.0], [100.0, 200.0], [100.0, 200.0]]
22 16:18:42;0;3.44;[[500.0, 1000.0], [150.0, 300.0], [100.0, 200.0], [100.0, 200.0]]
22 16:18:42;2;2.42;[[0.0, 500.0], [0.0, 150.0], [0.0, 100.0], [0.0, 100.0]]
22 16:18:42;0;3.61;[[500.0, 1000.0], [150.0, 300.0], [100.0, 200.0], [100.0, 200.0]]
22 16:18:42;1;3.44;[[500.0, 1000.0], [150.0, 300.0], [100.0, 200.0], [100.0, 200.0]]
22 16:18:42;0;3.5;[[500.0, 1000.0], [150.0, 300.0], [100.0, 200.0], [100.0, 200.0]]
22 16:18:42;1;3.61;[[500.0, 1000.0], [150.0, 300.0], [100.0, 200.0], [100.0, 200.0]]
22 16:18:43;0;4.2;[[500.0, 1000.0], [150.0, 300.0], [100.0, 200.0], [100.0, 200.0]]
22 16:18:43;2;3.44;[[500.0, 1000.0], [150.0, 300.0], [100.0, 200.0], [100.0, 200.0]]
22 16:18:42;2;2.42;[[0.0, 500.0], [0.0, 150.0], [0.0, 100.0], [0.0, 100.0]]
22 16:18:43;2;3.44;[[500.0, 1000.0], [150.0, 300.0], [100.0, 200.0], [100.0, 200.0]]
22 16:18:43;1;3.44;[[500.0, 1000.0], [150.0, 300.0], [100.0, 200.0], [100.0, 200.0]]
22 16:18:43;1;3.5;[[500.0, 1000.0], [150.0, 300.0], [100.0, 200.0], [100.0, 200.0]]
22 16:18:43;2;3.61;[[500.0, 1000.0], [150.0, 300.0], [100.0, 200.0], [100.0, 200.0]]
22 16:18:43;1;3.61;[[500.0, 1000.0], [150.0, 300.0], [100.0, 200.0], [100.0, 200.0]]
22 16:18:43;1;3.72;[[500.0, 1000.0], [150.0, 300.0], [100.0, 200.0], [100.0, 200.0]]
22 16:18:43;0;3.72;[[500.0, 1000.0], [150.0, 300.0], [100.0, 200.0], [100.0, 200.0]]
22 16:18:43;2;3.44;[[500.0, 1000.0], [150.0, 300.0], [100.0, 200.0], [100.0, 200.0]]
22 16:18:43;0;3.44;[[500.0, 1000.0], [150.0, 300.0], [100.0, 200.0], [100.0, 200.0]]
22 16:18:43;0;3.44;[[500.0, 1000.0], [150.0, 300.0], [100.0, 200.0], [100.0, 200.0]]
22 16:18:43;2;3.66;[[500.0, 1000.0], [150.0, 300.0], [100.0, 200.0], [100.0, 200.0]]
22 16:18:43;2;3.55;[[500.0, 1000.0], [150.0, 300.0], [100.0, 200.0], [100.0, 200.0]]
22 16:18:43;2;3.5;[[500.0, 1000.0], [150.0, 300.0], [100.0, 200.0], [100.0, 200.0]]
22 16:18:43;1;3.44;[[500.0, 1000.0], [150.0, 300.0], [100.0, 200.0], [100.0, 200.0]]
22 16:18:43;0;3.5;[[500.0, 1000.0], [150.0, 300.0], [100.0, 200.0], [100.0, 200.0]]
22 16:18:43;1;3.72;[[500.0, 1000.0], [150.0, 300.0], [100.0, 200.0], [100.0, 200.0]]
22 16:18:43;1;3.44;[[500.0, 1000.0], [150.0, 300.0], [100.0, 200.0], [100.0, 200.0]]
22 16:18:43;0;3.5;[[500.0, 1000.0], [150.0, 300.0], [100.0, 200.0], [100.0, 200.0]]
22 16:18:43;1;3.5;[[500.0, 1000.0], [150.0, 300.0], [100.0, 200.0], [100.0, 200.0]]
22 16:18:43;2;3.44;[[500.0, 1000.0], [150.0, 300.0], [100.0, 200.0], [100.0, 200.0]]
22 16:18:43;0;3.61;[[500.0, 1000.0], [150.0, 300.0], [100.0, 200.0], [100.0, 200.0]]
22 16:18:43;2;3.44;[[500.0, 1000.0], [150.0, 300.0], [100.0, 200.0], [100.0, 200.0]]
22 16:18:43;2;3.5;[[500.0, 1000.0], [150.0, 300.0], [100.0, 200.0], [100.0, 200.0]]
22 16:18:43;2;3.72;[[500.0, 1000.0], [150.0, 300.0], [100.0, 200.0], [100.0, 200.0]]
22 16:18:43;1;3.61;[[500.0, 1000.0], [150.0, 300.0], [100.0, 200.0], [100.0, 200.0]]
22 16:18:43;0;3.61;[[500.0, 1000.0], [150.0, 300.0], [100.0, 200.0], [100.0, 200.0]]
22 16:18:43;1;3.5;[[500.0, 1000.0], [150.0, 300.0], [100.0, 200.0], [100.0, 200.0]]
22 16:18:43;0;3.5;[[500.0, 1000.0], [150.0, 300.0], [100.0, 200.0], [100.0, 200.0]]
22 16:18:43;1;3.61;[[500.0, 1000.0], [150.0, 300.0], [100.0, 200.0], [100.0, 200.0]]
22 16:18:43;2;3.5;[[500.0, 1000.0], [150.0, 300.0], [100.0, 200.0], [100.0, 200.0]]
22 16:18:43;2;3.61;[[500.0, 1000.0], [150.0, 300.0], [100.0, 200.0], [100.0, 200.0]]
22 16:18:43;0;3.66;[[500.0, 1000.0], [150.0, 300.0], [100.0, 200.0], [100.0, 200.0]]
22 16:18:43;1;3.5;[[500.0, 1000.0], [150.0, 300.0], [100.0, 200.0], [100.0, 200.0]]
22 16:18:44;2;3.61;[[500.0, 1000.0], [150.0, 300.0], [100.0, 200.0], [100.0, 200.0]]
22 16:18:44;1;3.66;[[500.0, 1000.0], [150.0, 300.0], [100.0, 200.0], [100.0, 200.0]]
22 16:18:44;2;3.5;[[500.0, 1000.0], [150.0, 300.0], [100.0, 200.0], [100.0, 200.0]]
22 16:18:44;2;3.66;[[500.0, 1000.0], [150.0, 300.0], [100.0, 200.0], [100.0, 200.0]]
22 16:18:44;0;2.42;[[0.0, 500.0], [0.0, 150.0], [0.0, 100.0], [0.0, 100.0]]
22 16:18:44;0;2.42;[[0.0, 500.0], [0.0, 150.0], [0.0, 100.0], [0.0, 100.0]]
22 16:18:44;0;2.42;[[0.0, 500.0], [0.0, 150.0], [0.0, 100.0], [0.0, 100.0]]
22 16:18:44;0;2.42;[[0.0, 500.0], [0.0, 150.0], [0.0, 100.0], [0.0, 100.0]]
22 16:18:44;1;2.42;[[0.0, 500.0], [0.0, 150.0], [0.0, 100.0], [0.0, 100.0]]
22 16:18:44;1;2.42;[[0.0, 500.0], [0.0, 150.0], [0.0, 100.0], [0.0, 100.0]]
22 16:18:44;1;2.42;[[0.0, 500.0], [0.0, 150.0], [0.0, 100.0], [0.0, 100.0]]
22 16:18:44;1;2.42;[[0.0, 500.0], [0.0, 150.0], [0.0, 100.0], [0.0, 100.0]]
22 16:18:44;2;2.42;[[0.0, 500.0], [0.0, 150.0], [0.0, 100.0], [0.0, 100.0]]
22 16:18:44;2;2.42;[[0.0, 500.0], [0.0, 150.0], [0.0, 100.0], [0.0, 100.0]]
22 16:18:44;2;2.42;[[0.0, 500.0], [0.0, 150.0], [0.0, 100.0], [0.0, 100.0]]
22 16:18:44;2;2.42;[[0.0, 500.0], [0.0, 150.0], [0.0, 100.0], [0.0, 100.0]]
22 16:18:44;0;2.42;[[0.0, 500.0], [0.0, 150.0], [0.0, 100.0], [0.0, 100.0]]
22 16:18:44;0;2.42;[[0.0, 500.0], [0.0, 150.0], [0.0, 100.0], [0.0, 100.0]]
22 16:18:44;0;2.42;[[0.0, 500.0], [0.0, 150.0], [0.0, 100.0], [0.0, 100.0]]
22 16:18:44;0;2.42;[[0.0, 500.0], [0.0, 150.0], [0.0, 100.0], [0.0, 100.0]]
22 16:18:44;1;2.42;[[0.0, 500.0], [0.0, 150.0], [0.0, 100.0], [0.0, 100.0]]
22 16:18:44;1;2.42;[[0.0, 500.0], [0.0, 150.0], [0.0, 100.0], [0.0, 100.0]]
22 16:18:44;1;2.42;[[0.0, 500.0], [0.0, 150.0], [0.0, 100.0], [0.0, 100.0]]
22 16:18:44;2;1.73;[[0.0, 500.0], [0.0, 150.0], [0.0, 100.0], [0.0, 100.0]]
22 16:18:44;2;2.42;[[0.0, 500.0], [0.0, 150.0], [0.0, 100.0], [0.0, 100.0]]
22 16:18:44;2;2.42;[[0.0, 500.0], [0.0, 150.0], [0.0, 100.0], [0.0, 100.0]]
22 16:18:44;0;2.42;[[0.0, 500.0], [0.0, 150.0], [0.0, 100.0], [0.0, 100.0]]
22 16:18:44;0;2.42;[[0.0, 500.0], [0.0, 150.0], [0.0, 100.0], [0.0, 100.0]]
22 16:18:44;0;2.42;[[0.0, 500.0], [0.0, 150.0], [0.0, 100.0], [0.0, 100.0]]
22 16:18:45;1;2.42;[[0.0, 500.0], [0.0, 150.0], [0.0, 100.0], [0.0, 100.0]]
22 16:18:45;0;2.42;[[0.0, 500.0], [0.0, 150.0], [0.0, 100.0], [0.0, 100.0]]
22 16:18:45;1;2.42;[[0.0, 500.0], [0.0, 150.0], [0.0, 100.0], [0.0, 100.0]]
22 16:18:45;1;2.42;[[0.0, 500.0], [0.0, 150.0], [0.0, 100.0], [0.0, 100.0]]
22 16:18:45;2;2.42;[[0.0, 500.0], [0.0, 150.0], [0.0, 100.0], [0.0, 100.0]]
22 16:18:45;1;2.42;[[0.0, 500.0], [0.0, 150.0], [0.0, 100.0], [0.0, 100.0]]
22 16:18:45;2;2.42;[[0.0, 500.0], [0.0, 150.0], [0.0, 100.0], [0.0, 100.0]]
22 16:18:45;2;2.42;[[0.0, 500.0], [0.0, 150.0], [0.0, 100.0], [0.0, 100.0]]
22 16:18:45;2;2.42;[[0.0, 500.0], [0.0, 150.0], [0.0, 100.0], [0.0, 100.0]]
22 16:18:45;0;2.42;[[0.0, 500.0], [0.0, 150.0], [0.0, 100.0], [0.0, 100.0]]
22 16:18:45;0;2.42;[[0.0, 500.0], [0.0, 150.0], [0.0, 100.0], [0.0, 100.0]]
22 16:18:45;0;2.42;[[0.0, 500.0], [0.0, 150.0], [0.0, 100.0], [0.0, 100.0]]
22 16:18:45;1;2.42;[[0.0, 500.0], [0.0, 150.0], [0.0, 100.0], [0.0, 100.0]]
22 16:18:45;0;2.42;[[0.0, 500.0], [0.0, 150.0], [0.0, 100.0], [0.0, 100.0]]
22 16:18:45;1;2.42;[[0.0, 500.0], [0.0, 150.0], [0.0, 100.0], [0.0, 100.0]]
22 16:18:45;1;2.42;[[0.0, 500.0], [0.0, 150.0], [0.0, 100.0], [0.0, 100.0]]
22 16:18:45;2;2.42;[[0.0, 500.0], [0.0, 150.0], [0.0, 100.0], [0.0, 100.0]]
22 16:18:45;1;2.42;[[0.0, 500.0], [0.0, 150.0], [0.0, 100.0], [0.0, 100.0]]
22 16:18:45;2;2.42;[[0.0, 500.0], [0.0, 150.0], [0.0, 100.0], [0.0, 100.0]]
22 16:18:45;2;2.42;[[0.0, 500.0], [0.0, 150.0], [0.0, 100.0], [0.0, 100.0]]
22 16:18:45;0;2.42;[[0.0, 500.0], [0.0, 150.0], [0.0, 100.0], [0.0, 100.0]]
22 16:18:45;0;2.42;[[0.0, 500.0], [0.0, 150.0], [0.0, 100.0], [0.0, 100.0]]
22 16:18:45;1;2.42;[[0.0, 500.0], [0.0, 150.0], [0.0, 100.0], [0.0, 100.0]]
22 16:18:45;0;2.42;[[0.0, 500.0], [0.0, 150.0], [0.0, 100.0], [0.0, 100.0]]
22 16:18:45;0;2.42;[[0.0, 500.0], [0.0, 150.0], [0.0, 100.0], [0.0, 100.0]]
22 16:18:45;1;2.42;[[0.0, 500.0], [0.0, 150.0], [0.0, 100.0], [0.0, 100.0]]
22 16:18:45;1;2.42;[[0.0, 500.0], [0.0, 150.0], [0.0, 100.0], [0.0, 100.0]]
22 16:18:45;1;2.42;[[0.0, 500.0], [0.0, 150.0], [0.0, 100.0], [0.0, 100.0]]
22 16:18:45;2;2.42;[[0.0, 500.0], [0.0, 150.0], [0.0, 100.0], [0.0, 100.0]]
22 16:18:45;2;2.42;[[0.0, 500.0], [0.0, 150.0], [0.0, 100.0], [0.0, 100.0]]
22 16:18:46;0;2.42;[[0.0, 500.0], [0.0, 150.0], [0.0, 100.0], [0.0, 100.0]]
22 16:18:46;0;2.42;[[0.0, 500.0], [0.0, 150.0], [0.0, 100.0], [0.0, 100.0]]
22 16:18:46;0;2.42;[[0.0, 500.0], [0.0, 150.0], [0.0, 100.0], [0.0, 100.0]]
22 16:18:46;1;2.42;[[0.0, 500.0], [0.0, 150.0], [0.0, 100.0], [0.0, 100.0]]
22 16:18:46;1;2.42;[[0.0, 500.0], [0.0, 150.0], [0.0, 100.0], [0.0, 100.0]]
22 16:18:46;2;2.42;[[0.0, 500.0], [0.0, 150.0], [0.0, 100.0], [0.0, 100.0]]
22 16:18:46;2;2.42;[[0.0, 500.0], [0.0, 150.0], [0.0, 100.0], [0.0, 100.0]]
22 16:18:46;1;2.41;[[0.0, 500.0], [0.0, 150.0], [0.0, 100.0], [0.0, 100.0]]
22 16:18:46;2;2.42;[[0.0, 500.0], [0.0, 150.0], [0.0, 100.0], [0.0, 100.0]]
22 16:18:46;2;2.41;[[0.0, 500.0], [0.0, 150.0], [0.0, 100.0], [0.0, 100.0]]
22 16:18:46;0;2.42;[[0.0, 500.0], [0.0, 150.0], [0.0, 100.0], [0.0, 100.0]]
22 16:18:46;0;2.42;[[0.0, 500.0], [0.0, 150.0], [0.0, 100.0], [0.0, 100.0]]
22 16:18:46;1;2.42;[[0.0, 500.0], [0.0, 150.0], [0.0, 100.0], [0.0, 100.0]]
22 16:18:46;0;2.42;[[0.0, 500.0], [0.0, 150.0], [0.0, 100.0], [0.0, 100.0]]
22 16:18:46;1;2.42;[[0.0, 500.0], [0.0, 150.0], [0.0, 100.0], [0.0, 100.0]]
22 16:18:46;2;2.42;[[0.0, 500.0], [0.0, 150.0], [0.0, 100.0], [0.0, 100.0]]
22 16:18:46;1;2.42;[[0.0, 500.0], [0.0, 150.0], [0.0, 100.0], [0.0, 100.0]]
22 16:18:46;2;2.42;[[0.0, 500.0], [0.0, 150.0], [0.0, 100.0], [0.0, 100.0]]
22 16:18:46;1;2.42;[[0.0, 500.0], [0.0, 150.0], [0.0, 100.0], [0.0, 100.0]]
22 16:18:46;2;2.42;[[0.0, 500.0], [0.0, 150.0], [0.0, 100.0], [0.0, 100.0]]
22 16:18:46;2;2.42;[[0.0, 500.0], [0.0, 150.0], [0.0, 100.0], [0.0, 100.0]]
